0.0395523310007612,0.2989313405474,0.00752102514232885,0.157300151592038,0.00025570432979651,0.000214030095113817,0.0245723775499939,0.000819539698501703,0.0265295898657237,0.0195469347444444,0.00268963621788852,0.0052795154964124,0.000135995645204553,0.000184910119503071,0.00012482249261155,0.000129826680518153,0.000163025944440199,9.94044821133302e-05,0.000981577547268939,2.96029633266506e-05,0.0108182289443317,0.000221483084512976,0.00507281104322607,0.0003276015260462,0.000325119406499965,0.000341876756429282,5.10000923187793e-05,5.99538463829689e-05,2.27039778419894e-05,0.000271605311509973,6.55998126960153e-05,0.028484967373562,0.00023971640677085,0.000108632364559349,0.00021448703798958,0.000560094363312446,0.000330914353727734,3.37692763619808e-05,0.000371893789134171,0.00220084645752333,1.4492060669079e-05,0.000331598533385652,0.000236235480647029,0.000395252141983308,0.00672175000985702,0.00803592351190875,0.00127874056446735,2.96029633266506e-05
0.105101346179593,0.198659281976042,0.0125426022047012,0.00153064519544649,0.00417117396233453,0.00190777600036178,0.000391589081034573,0.00828687038777617,0.0179540397560882,0.00182290529891523,0.00187069984401256,0.00111941135185863,0.0014843652715515,0.00192708730718592,0.00147392507944164,0.00182158227395461,0.00230183493369902,0.0023943057595784,0.00450552159359882,2.96029633266506e-05,0.00034181178601366,0.00157422607126646,0.000823150175368059,0.00299246568055479,0.00296862684504517,0.00312178756913684,0.000414142719618205,0.000482742773934786,0.000237049022207727,0.00372950545243598,0.00073060066705115,0.142148936082007,0.00198275921842949,0.00100832423725522,0.00181595276416352,0.00544240477548955,0.00250081111501222,0.000329790074820935,0.00361677935682081,0.010945213203776,0.000106536895335842,0.00354733123375205,0.00577268472563188,0.00114690692985585,0.0238412298700865,0.0136790313678204,0.0156081160766218,2.96029633266506e-05
0.00398302527561157,0.00413483407202938,0.288988646721994,0.00473506510427301,0.0194500109984354,0.00497090998183785,0.000770402911225127,0.004333288126606,0.00474836335839892,0.024829919612985,0.00661138384089754,0.00383832537251163,0.00570548271132426,0.00719747491049689,0.00526069026649075,0.00546473601235316,0.0106955081421832,0.00955335472336465,0.0909365333564294,2.96029633266506e-05,0.00182877655724226,0.0134152820225737,0.00491469450148594,0.00618055571429047,0.00613089052331457,0.00644725802105101,0.00390250913962647,0.00196255283755327,0.000454270075605466,0.0196323834177472,0.00708059565789419,0.00322821258710435,0.00193839337310141,0.00242080238470719,0.00284616320570094,0.00252591090644785,0.00463719481417568,0.000629214040004909,0.0024610521724939,0.00448218739315716,0.00013063410843205,0.00596673256215975,0.00813337422490133,0.0031786177757693,0.00305320694155329,0.00524903627464754,0.00973245134501069,2.96029633266506e-05
0.00128828124912736,0.000551248541837328,0.000464511832779796,0.14412234134482,0.00417495852976257,0.000208672223968832,7.38092695339896e-05,0.000350999625528317,0.000149704840816447,0.000464175872951363,0.00336687672522661,0.000978192322722082,0.00210885030122914,0.000350290524817271,0.00110802143100452,0.000929132253872152,0.00131675817111937,0.00178203490535513,0.0458623984739173,2.96029633266506e-05,0.000696434016525138,0.00050424557291605,0.00986674280860576,0.000342215534385771,0.000339520436795226,0.000357033318896519,9.6320372537095e-05,5.03844400822614e-05,1.34786953873909e-05,0.0055879401259457,2.48522361525961e-05,0.000539716388467494,6.97366154745367e-05,9.57986325948474e-05,5.99015613726167e-05,3.53611771254296e-05,2.82385321546208e-05,1.43669908258151e-05,0.00166679533606164,0.000140633463361753,1.15784632589194e-05,0.000396531412675837,3.38943997250634e-05,4.40892070572327e-05,0.000333760426331882,0.000226929779501479,0.000634243355094334,2.96029633266506e-05
0.00200355363146398,0.0129771178990221,0.00626222887226334,0.00456143727710074,0.269584112300934,0.141817311199014,0.000266689269036744,0.00301287707372581,0.0167847996261886,0.0043687110241427,0.00782261549176769,0.000884794676869292,0.00266623893462221,0.00247025938398706,0.00692054567482157,0.00177090886298575,0.00138971746821931,0.0011608472361409,0.00959554737768789,2.96029633266506e-05,0.000219323898517192,0.00390724338785221,0.00180855829701447,0.00726880600329488,0.00720888060129856,0.00758107154859923,0.000486646681918295,0.000264106470406883,7.81173685704216e-05,0.00318445844052507,0.0106987912023092,0.00204222677988122,0.0789809694968008,0.000549425102116333,0.000916723565452741,0.00569956261730724,0.00211796501480203,0.000230922977630768,0.0040577528480764,0.00316499497348801,4.89040359811143e-05,0.00277149325917953,0.00108517156216476,0.000493376907774338,0.00280988724111007,0.000631656252843219,0.00141667432962152,2.96029633266506e-05
0.000121901926751785,0.00197041448521043,0.00192950861359665,0.000380901902514347,0.00938118399697237,0.128557475391513,0.00111457616059787,0.00090610106520211,0.00788245451713753,0.00241171987457369,0.000942515753694899,0.000343835437531212,0.00073928006829888,0.00133153038046592,0.000847527964502038,0.000488642543478498,0.000476126013852072,0.000294030202518176,0.00157979934677772,2.96029633266506e-05,0.000227785473948158,0.00299744305075334,0.000201507351454133,0.00185501459159556,0.00183969198014554,0.00193467820362752,0.000910207124026443,0.000296865401190668,6.3280774385674e-05,0.0036800876187687,0.0326289366295842,0.000217475091588497,0.0409617514400381,0.00116377827232146,0.00241655140696518,0.00595115557183167,0.01279335607609,0.000169663241343332,0.009675168461525,0.00712072893690985,0.00028349586654165,0.00254963328225501,0.000966253880251304,0.00524293807855009,0.00808176162444835,0.00363589169153452,0.00483971240262204,2.96029633266506e-05
0.0149371131247337,0.00482590946406649,0.00878780669940741,0.00706530415839346,0.0156250685891488,0.0083795732728868,0.0565953968095663,0.15967911417073,0.0124544865679158,0.0199381415661344,0.0545123722601294,0.00961019565214346,0.010465207592674,0.00371454606379247,0.00678662716569029,0.00564030555124401,0.00467282470678568,0.00535120389384909,0.00660671367085073,2.96029633266506e-05,0.0354966378025431,0.0165879150389409,0.0134033269320968,0.0102438438813298,0.010159972602014,0.0106844515229614,0.0890870948641682,0.171129612133581,0.14347926715123,0.0130317789238439,0.0243124106553511,0.00860809949321527,0.00436405787410108,0.00293092951619983,0.00323531418031228,0.00476100400207312,0.00269664369936728,0.00241776773882738,0.0136054546763422,0.00436454138548559,0.000182925690524168,0.00700614397633564,0.00510678230787444,0.0040784156703783,0.0143750221864554,0.00545154507150865,0.00984871838084731,2.96029633266506e-05
0.0324698973128609,0.0109730805210045,0.0841923462099376,0.0533378684619431,0.0672384172270873,0.0693393990431539,0.0323353691575252,0.34570605764487,0.140696040531966,0.31089064456015,0.0633183634359647,0.0159323884850261,0.0357690597799051,0.0485971339647317,0.046729225237958,0.014096897950774,0.0170789277200196,0.0154648214490736,0.0505540164870275,2.96029633266506e-05,0.0237681592609345,0.03956965639272,0.0179324867971813,0.00232700147184173,0.00230911231056439,0.00242816242766521,0.00826669518749734,0.0051931844526418,0.00344908078274693,0.00630007834719869,0.00215619434025886,0.00293553199126343,0.0265506323615245,0.00470043794547394,0.00121875658650146,0.00289099786732704,0.000933836635209277,0.000523719410643857,0.0072497507738616,0.0386209918522645,0.000194089822066301,0.0177345234800671,0.0239647628693987,0.00144326787217065,0.00337108801710984,0.0141408893040263,0.0247884050774486,2.96029633266506e-05
0.00255877955881147,0.00765856414991127,0.00226823600164484,0.000872666263388214,0.00111408174708408,0.000444509016407411,0.000266612949157425,0.00162202209623446,0.256174207855804,0.00106304035827825,0.000754460236183795,0.000466734113603347,0.000807489369990762,0.00125486469094013,0.000896544364294259,0.000922417659332188,0.00129649678359897,0.00138612993471037,0.00270796996043482,2.96029633266506e-05,0.00024191899845218,0.00298252311036657,0.000447891397679755,0.000200915536926108,0.000201366445118881,0.000211489188110896,0.000212128130384148,0.000247013652703942,0.00293024916422069,0.0011801824815348,0.000313192057705138,0.000788865807772005,0.000321990291282908,0.000219383723651872,0.00101975984051285,0.00089639945830008,0.00132813143771677,4.07045889425791e-05,0.000627201513247823,0.0108296915696555,4.7669409001186e-05,0.000280883718377159,0.00192957935227671,0.00281460205467448,0.00118378421084946,0.178383660931606,0.00131508276038949,2.96029633266506e-05
0.00156596672363281,0.00468346902525081,0.00398123815178322,0.0018936921371001,0.00338055551218701,0.00629661022512687,0.00024984044816405,0.00302034597819122,0.0056544656982313,0.0214056403784043,0.0041113556526431,0.000866896505418101,0.00421286254831167,0.00814419846759887,0.0131162634761278,0.00680463524672799,0.0181838860505248,0.00424057164776444,0.0125912712487175,2.96029633266506e-05,0.00114270117750173,0.00356838465808971,0.00804606524118408,0.00230182889318193,0.00228296266363685,0.0024008165493484,0.00317622050377968,0.000264137183205079,0.000217046670054072,0.00204979954441036,0.00284026896886588,0.000524262651944712,0.000615151863939863,0.000170932650250083,0.000131809370223114,0.000443916183491489,0.000204261136416345,4.67749644088758e-05,0.000508717627024947,0.000781534880957639,5.75842078389913e-05,0.00055439553570907,0.000521460864164264,8.59167478548326e-05,0.00039212201557963,0.000470645234340437,0.00198147035037703,2.96029633266506e-05
8.77793839511367e-05,0.00168147958941677,0.000314492309159635,0.00028844398467795,0.00123694016901748,0.000192755267917157,0.000265351463542422,0.00130161239613341,0.00571759140098932,0.00069291361149162,0.0622525994241231,0.00387633572745575,0.00132344312123626,0.0143219983627571,0.0044363277854659,0.00115952414811994,0.00179692264053576,0.00162552148443123,0.00337753014836268,2.96029633266506e-05,0.000351469191756205,0.0029941809981374,0.0335197965254919,0.000124561573274387,0.00012372345911327,0.000130086718500853,3.64006327017904e-05,2.91654800153908e-05,0.000100958897365618,0.000231196311571713,2.43506662010136e-05,0.000317532107754135,5.17310066316646e-05,3.74270532847755e-05,0.000126190070881145,0.000143526921289651,7.23555003314341e-05,1.79442547861747e-05,0.000204835178853554,0.0010718251928722,5.71455716192416e-06,6.954511537151e-05,4.94690420734422e-05,4.57822009065609e-05,0.000289095495323079,9.11108635482292e-05,0.000288095262462536,2.96029633266506e-05
0.000870172666072399,0.00112255631375437,0.00411257994698039,0.00333566177961131,0.00252517259731104,0.000983550444438094,0.00192685248711337,0.00882844517204826,0.00392016711463499,0.0125585569998414,0.0218609935490291,0.290916681334468,0.261727014723235,0.00919044386595912,0.0926253573486816,0.0818412594897489,0.0477304188981113,0.113981707513485,0.0405881219667704,2.96029633266506e-05,0.00511632036278896,0.0276274099212752,0.0746680627859436,0.000581588900718126,0.000577884185148055,0.00060757848341677,0.000678734499152036,0.000643834550071713,0.000627035260420523,0.0017041709562012,0.000342547183655175,0.000704755038857422,0.000345963943009439,0.000342147608428836,0.000788749738687488,0.000613551912251594,0.000469276467222247,0.000781786195065371,0.000972572901544752,0.00537424160749256,4.92504469276012e-05,0.000356658107275342,0.00036488896531443,0.000375805519245665,0.00133419853618892,0.00165160776552181,0.00243645971412673,2.96029633266506e-05
0.000977854261036755,0.0094430206405388,0.0081613632080724,0.00845773782204308,0.004349712029489,0.00241427328128573,0.00817441430731825,0.00691972324476579,0.0114583569990403,0.012726466854369,0.0172367555939944,0.0133233935262316,0.110321152189385,0.0250776737689183,0.0801272226952118,0.0891519235740208,0.0564897097228133,0.0762196675175712,0.0495715225282308,2.96029633266506e-05,0.00517485311093397,0.0147430803277701,0.0850093848920555,0.00215543443353351,0.00213809802430426,0.00224843067792183,0.00226978708690712,0.00221850355379231,0.00225651232716025,0.00533618425335441,0.000817891306849277,0.00251248395320022,0.000929074620800254,0.000459756012310753,0.00153402586933168,0.00216775763047277,0.00240113863173075,0.000352986556629464,0.00220216682889493,0.00831617404682421,5.32952199339036e-05,0.00187501567900403,0.00121257105880092,0.00292504802683069,0.00151555960731511,0.000834568269615097,0.00523122590817755,2.96029633266506e-05
0.00140074764689826,0.00568144420482444,0.0140745515093605,0.00493527876477974,0.00614776108547766,0.00498118810822862,0.00271378993624946,0.0049384215253475,0.00771542904464379,0.00828180816350969,0.00718811885986856,0.00479966392072654,0.00762603496073586,0.287347021214802,0.059391552345465,0.036104568844406,0.0303327020179683,0.0271384926714525,0.0206364971425578,2.96029633266506e-05,0.00666924702655185,0.0131999248956728,0.0111387523304347,0.00422094144426238,0.00420253280303838,0.00441737872462873,0.00249715651135589,0.00163927288207862,0.00186413466373268,0.00752829503789713,0.00718432396623356,0.00277201643293832,0.00315810682467683,0.00920704151027976,0.0347128741038382,0.11732820587255,0.00792070396336497,0.000476151488793959,0.0186510799615514,0.0443339176938007,0.000764272485558789,0.00909548025448354,0.00304539826518002,0.00416661370987897,0.0100503822603459,0.0119098712577502,0.00917813029009748,2.96029633266506e-05
0.000827711052695151,0.000878801209109472,0.00249597040496885,0.00210776317914028,0.00162809501714062,0.00162195615779898,0.00122019178887454,0.00161123708180372,0.00160156824787,0.00256141926104264,0.00531824039956626,0.00426957073230401,0.0105084929892119,0.0280237670286808,0.151691128587922,0.0452710247609796,0.0317619084128603,0.0445875459442663,0.00872454065498229,2.96029633266506e-05,0.012232519008996,0.00770827085266614,0.0418614754881599,0.00201600289699614,0.00200004622346389,0.00210322142640362,0.0037121971060609,0.00120758198203695,0.00138214623485639,0.00784402413695211,0.00157366036563216,0.00204836433212856,0.000606915920184575,0.00250885197183455,0.0252160097318011,0.00791413311017838,0.00248857272147484,0.000601078861748519,0.0032418232507938,0.0128083243995971,5.47498588367827e-05,0.01273617268249,0.00162277182611507,0.00083442436420796,0.00353258350817151,0.00183528730284118,0.0102959178567359,2.96029633266506e-05
0.00227313850596065,0.00347362048199707,0.00862452722970925,0.00344043983950032,0.00669449857442183,0.00571186977657111,0.00700935516998962,0.00436330489304619,0.00259496068847377,0.0234224203177275,0.0128110810417756,0.00839213784989449,0.0240074727279059,0.00990696981065857,0.0286953629169309,0.142428790383518,0.0308741396926207,0.0896857577917906,0.0103458779260332,2.96029633266506e-05,0.00891800392910569,0.0374001155100485,0.0257855257436778,0.00207136238812622,0.00205545506622071,0.00216142531126357,0.00128469173793457,0.00172235503935091,0.00319499210559001,0.00887077465202214,0.0013665070170167,0.000903994271998518,0.00378675335521926,0.000578851402871109,0.00180062340884646,0.00470258685280496,0.00313837136002115,0.000544115323062538,0.00171663520250077,0.0160615742811116,7.51710235692552e-05,0.00465659407040154,0.00102872543173274,0.00301937108368333,0.00204709818937993,0.000751835531753813,0.00864301459369707,2.96029633266506e-05
0.000949604497047755,0.00122428924054266,0.0029979407143115,0.00227684497153022,0.00241062543860128,0.00196042763258048,0.000793310817787972,0.00100247748917935,0.00257330765762404,0.00264199773426502,0.00729545318575383,0.00126663456692156,0.00312052827311576,0.00198868778365284,0.00424630647391559,0.00983555673243137,0.292187292754539,0.0044467846578144,0.00383774652468124,2.96029633266506e-05,0.000645834175762152,0.0143196404997722,0.00256070316682067,0.00235740732617651,0.00233938230326018,0.0024599803329814,0.0235542028373979,0.000252672572285707,0.000199200004714822,0.00993634950527875,0.00217492428229559,0.000350101548861213,0.0039543715676937,0.00107013089100653,0.000924141360619025,0.00248606416379307,0.00151933681496238,0.000300427455772977,0.00157398447842499,0.00359164893537226,5.6674695576236e-05,0.00109455396022623,0.00120619312381167,0.000705113534720967,0.000753559474651437,0.00126387205293555,0.0268302539847304,2.96029633266506e-05
0.00307581644812808,0.00257050623229468,0.0116784021284562,0.00382613190801378,0.00384562606150994,0.000927607819775295,0.00136645393246768,0.00172818956852744,0.00253299973131174,0.0056757549905114,0.00580888456641406,0.00358628723176356,0.0120493131240966,0.00933378859149964,0.0291713658605421,0.0299358378835853,0.0148801805994884,0.101696782035145,0.0164008528020492,2.96029633266506e-05,0.00310038589668143,0.00702558150147495,0.0134264781233647,0.0013106763736384,0.00129994423750559,0.00136705019285983,0.0052681057671589,0.0278517489737096,0.0856260416070931,0.00386481934779364,0.0109328809836114,0.000993533564165565,0.00050571618023936,0.000695906063334897,0.00374043993496224,0.00193448015494524,0.00113032903536222,0.000251847163181043,0.00105267765225987,0.0146763598537588,6.41555567816508e-05,0.00252461762979633,0.000808202064210425,0.00466131730161965,0.00236151108950449,0.000797613983730153,0.00398111961796283,2.96029633266506e-05
0.000229567332190824,0.00524849822975702,0.031346875824595,0.00831456218901891,0.00854584914104143,0.000724332195806853,0.000151225233176001,0.00237502164963448,0.00493367940530706,0.00766226591299469,0.00567375682256236,0.00477959353062182,0.00737466619923398,0.011615639155395,0.00806949626900896,0.00974558111376709,0.0138093266574805,0.0198642150436761,0.0364658397766935,2.96029633266506e-05,8.4254736642904e-05,0.00241273878041889,0.00308307683296857,0.000823953558723467,0.000817542636646216,0.000859702355372929,0.000289627975937958,0.000143846556326939,0.00101572861225959,0.00102951938104882,0.00116372977046249,0.00146405453134932,0.000282567234627925,0.000973760902329097,0.000510562761710368,0.00138903899015172,0.00116788205418521,0.000326409780353209,0.00118475959369897,0.000955145575013345,0.000172161547622927,0.000577799194459673,0.000897219206510775,0.000626421698756219,0.00454424991226185,0.000650852734170293,0.00237280506490191,2.96029633266506e-05
1.19548927460835e-17,1.00115967600599e-17,1.30151321345255e-17,1.66066507612882e-16,5.31820494097946e-17,9.09010980170516e-17,8.69431891317228e-18,5.90900547121568e-18,2.95975352694275e-17,4.86098561713746e-17,6.98830894522e-17,7.72294620227282e-18,1.29089545695893e-17,3.78824481898292e-18,1.46146110590679e-17,9.52974310074777e-18,7.76292232809395e-18,9.95192891370544e-18,4.6214711566504e-17,2.96029633266506e-05,1.04437110217976e-17,2.54124077549551e-17,5.5437821528e-18,7.62836882738501e-17,1.20403821529099e-17,9.0702088705757e-18,1.03941900225133e-17,8.00569506056005e-17,6.31591617785076e-17,1.96694645109214e-17,2.09236603909403e-16,9.95627493884044e-18,3.85931053371865e-17,1.87951743244656e-17,6.85142526435647e-17,5.81926660325824e-17,1.06062516875705e-17,8.94267942199421e-18,2.32435900156888e-17,3.1699625036236e-17,3.88414269706601e-16,4.47426499869645e-17,1.18923291866811e-17,5.51430250194558e-18,1.10523089937882e-17,9.11773556237706e-18,1.04775019459692e-17,2.96029633266506e-05
0.00570775131856431,0.00908629313891062,0.0248572777517091,0.0242017116213108,0.0443283167309008,0.0139957927018224,0.0220909150601138,0.0293648877273593,0.0110557483077105,0.0140731453275615,0.0417674321087217,0.0665477285486937,0.0240253767744196,0.0142228804243783,0.0127510011589788,0.00976434838472199,0.00908883329579382,0.00741827341804128,0.00754566138471024,2.96029633266506e-05,0.200653332008268,0.0813835832705061,0.00437988353357942,0.0169309860309657,0.0167907457827681,0.0176577291672354,0.018714884707089,0.000927408487215441,0.000746317736307373,0.0375008244291066,0.00794949518555444,0.0200944578713954,0.00763673322304087,0.00955609699578915,0.0185062519425162,0.0159808048859137,0.0128934111457208,0.0297510162480392,0.0113850817991,0.0413101571784718,0.000572208891843931,0.00943846137393406,0.00904718610329174,0.0110835137198421,0.0398964300985949,0.0210100850357415,0.0291668301376132,2.96029633266506e-05
0.00210878454273392,0.00698258663776168,0.0037006614474498,0.00576082473284267,0.0461303779541958,0.00234689325620886,0.00167190049281975,0.0129593562481612,0.00211605950563901,0.0133945636546166,0.0253688074546679,0.0390276389259477,0.0179880125663301,0.001644722250576,0.00488540284500026,0.00329903788874238,0.00549015588515551,0.00362243175049151,0.00357936128436471,2.96029633266506e-05,0.00692946102976225,0.102799709984162,0.00330635163693785,0.00509655726132104,0.00505436729641881,0.00531534425406709,0.00454282257165432,0.000256123056666957,0.000130453742484313,0.00775920503341272,0.000786496010386437,0.0062196097947804,0.00266316544295077,0.001758673381965,0.00490246846384969,0.00205661137575575,0.0103085338013407,0.00281252142201606,0.00467550748551917,0.00736894652652074,0.00011015936671419,0.00290318294123385,0.00445021525333737,0.0092552080356411,0.00911499563693046,0.0168181475626942,0.00430571872728201,2.96029633266506e-05
0.00121149346406429,0.000679495210489687,0.000555137336961081,0.000466879616874195,0.00082301269656556,0.00104677272457192,0.000671620340256526,0.000923493142278007,0.00102195277973365,0.000989353761408995,0.00163318035330906,0.000996735740191517,0.000706988506019155,0.00222833135865842,0.00159021044194105,0.00107622319299361,0.00130517560046851,0.00126708411316368,0.000820207462951324,2.96029633266506e-05,0.00321830040668651,0.00325644905905294,0.000866437284626683,0.000836929343986973,0.000830284733365648,0.000873118778551046,0.00133870914117808,0.00150909299203535,0.00100318441522847,0.00194745730027058,0.00194293099801527,0.000432617464796871,0.000970738455124245,0.000883683408250329,0.0041187692543892,0.00446814451743473,0.0015313259771216,0.0291433147784451,0.00129836948501306,0.00444253090991431,8.72623554069721e-05,0.000734415388108421,0.000309209123439172,0.0159467957357208,0.00159619722520479,0.00091631053441657,0.000815956775884185,2.96029633266506e-05
0.00113723042407344,0.00507245194400957,0.00368039135737851,0.00255903615163551,0.00331353874565836,0.00345332453356583,0.0012271294673949,0.00240669611843584,0.00696117501830346,0.00255205939590614,0.00341028597926682,0.00159246294575966,0.00245698882298728,0.00240076313928271,0.00382103962271526,0.00304481544357709,0.00350026532157538,0.00225495884597855,0.00539899484714106,2.96029633266506e-05,0.000635805722262627,0.00161420361665709,0.00247569214851002,0.00824310445690132,0.000133572790758976,0.000140469825571248,0.00137303348192971,0.00138999519710501,0.000289067564812251,0.000963620771908502,0.000771139765230378,0.0020132703504516,0.00230617975145844,0.000687165368352192,0.00768343431230085,0.00192002913171989,0.00062201633939947,7.19443524451024e-05,0.000939696145812265,0.00146293435000297,0.000451188050105943,0.000674643514903493,0.000568674374614598,0.000324435962748124,0.000978307367138083,0.00196178831082699,0.00118084006029751,2.96029633266506e-05
0.00747581238838411,0.0333555543782954,0.0241917947719185,0.0168229470625256,0.0217838154891733,0.0226965695807194,0.00805977699310356,0.0158163915951552,0.0457755816815792,0.0167758262534625,0.0224030955520093,0.0104574076563564,0.0161483612213377,0.0157760603799667,0.0251245705270527,0.0200154650450094,0.0230047765151952,0.0148260050286045,0.0355039207624304,2.96029633266506e-05,0.00417510743487583,0.0105914507437763,0.0162330710047825,0.000839420004439812,0.00829938677907334,0.000875448594729171,0.00899867307169927,0.00907466790221052,0.00185137122736508,0.00629767194652475,0.00503455487445193,0.013233573885934,0.0151251179549163,0.00449145088196839,0.0505160657194242,0.012555124315895,0.00403707931799495,0.000467240885864904,0.00612735095227881,0.00959656973233881,0.00296275626493914,0.00441287620676909,0.00372789940339787,0.00212383709091454,0.00642151013693077,0.0128938185945394,0.0077560136485491,2.96029633266506e-05
0.00968052693729085,0.0431908974677424,0.0313265746924952,0.0217841601829661,0.0282079015692156,0.0293907781786855,0.0104377791813065,0.0204815394220528,0.0592731226767595,0.0217233347742897,0.0290123651130547,0.0135431070323806,0.0209112035941089,0.0204295169167485,0.0325331873330106,0.0259183229549457,0.0297899354746775,0.0191979931221869,0.0459725747821312,2.96029633266506e-05,0.00540708606091951,0.0137180346284395,0.0210267313082597,0.0010939936344951,0.00108492842267729,0.00905895016621797,0.0116566557660915,0.0117604811534477,0.00240482320771552,0.00816056610842624,0.00652460431480689,0.0171364893150274,0.0195910562341997,0.00581997080805907,0.0654127714438259,0.0162679536787867,0.00523558252191927,0.000605906155152318,0.00794200656856774,0.0124298245865855,0.00383700290731775,0.00571765263368712,0.00482889198148647,0.00275154373756058,0.00831676057729205,0.0166967383982699,0.0100443512846791,2.96029633266506e-05
0.00625951223145087,0.0220540687559636,0.0142314307547888,0.0244046941160795,0.0383451251897901,0.0318735657880615,0.010224715667341,0.0194913399945946,0.0101164617660051,0.0166529874031772,0.0800336490020299,0.0234195504000461,0.0166015196164631,0.0090636595123017,0.0109892234398798,0.0144109789780348,0.0130776864584129,0.0111648218335667,0.0150157481858698,2.96029633266506e-05,0.00122768114705291,0.035998862565786,0.0102462400800512,0.0265855376856572,0.0263654310070747,0.027726786056763,0.00739717961478735,0.00463104609740918,0.000942515667239136,0.0152490288946363,0.0484822488242224,0.00114236085382124,0.0173379402768384,0.00177322348508643,0.00250168641522761,0.00822180491009595,0.0208991606235635,0.000814896087435288,0.0224227056919579,0.00991894958022528,0.00137674998685269,0.0174407922057286,0.0119881488071672,0.00764957276591542,0.00466632502086797,0.00287907119553672,0.00351674118841357,2.96029633266506e-05
1.35337185738163e-07,3.62325679972923e-07,4.98850851610541e-07,2.10397000507628e-07,5.87634321499377e-07,1.12958566143865e-06,4.51923660410585e-07,5.72712513477302e-07,1.47595188569674e-07,3.60694731586578e-07,6.53423693120423e-07,9.87102709154236e-07,5.10403708018979e-07,4.73762931008427e-07,4.04384236034018e-07,2.49294864883566e-07,3.66751473455052e-07,3.64850800393333e-07,3.01411489549281e-07,2.96029633266506e-05,1.48527476356064e-06,2.77008150660846e-06,4.09252560369753e-07,2.5939461611903e-06,2.57253267975515e-06,2.70535497427377e-06,1.50235125158897e-06,9.02251715093767e-06,3.1049745319763e-06,6.20731440262545e-06,6.28970849624756e-06,2.79810935792763e-07,1.59112251651865e-06,1.57623668891152e-06,7.70918008939137e-06,3.88058425829908e-06,6.21487939038794e-06,3.71831250278231e-07,2.46096168617038e-06,1.24488615059259e-06,6.24095017552439e-08,4.04985477876674e-06,1.56585447664651e-06,1.58138211930145e-06,5.65191135249235e-07,5.5446801005463e-07,1.40771136309437e-06,2.96029633266506e-05
0.00012482891312169,0.000479326205398289,0.000751970504743454,0.000608970303628416,0.000458262332849176,0.000991100400865399,0.000527886021615986,0.000412250567791364,0.00261780142121899,0.000866479624270074,0.00112950902675239,0.000373823914574971,0.000540145361233468,0.00100882703056032,0.00115686565224339,0.00126991567318836,0.00037147446413507,0.000326717163250977,0.000647876648437296,2.96029633266506e-05,0.000189240092525252,0.000210758335532085,0.000285609438498593,0.0056210430314021,0.00557464339318764,0.00586246710481925,0.00212274931723037,0.000272688832675189,0.000435962505807318,0.00142068531486428,0.0459713333701008,8.36228805328217e-05,0.00543664206066422,0.000734021856283091,0.00121909898909226,0.00338189860018552,0.00363616280999852,3.83809983089631e-05,0.00358295847211155,0.00303785836777454,0.0013945672369245,0.00117755184104001,0.000919763709035173,0.0013144929372188,0.000442097130842345,0.000302473405193663,0.000557632389462331,2.96029633266506e-05
0.00671808277068272,0.0142571951340618,0.0114724842459288,0.0104267771554624,0.00964273097526636,0.00783905308014321,0.0109182687151759,0.0104883068190048,0.0215911014738862,0.0114059698566578,0.0254094117396132,0.0127112721343793,0.0125174966254762,0.00895157241508331,0.00891348415120034,0.0108031977792322,0.00575258612417891,0.00555520696861535,0.00803461815313149,2.96029633266506e-05,0.00239933751210927,0.0100199507583398,0.00243337272171846,0.027894998394726,0.0276638773904404,0.0290922990161215,0.0456381603806689,0.113093207289564,0.0854904472592143,0.0280582623848122,0.0375291520133595,0.000962785448289957,0.007865475961365,0.00106138300223277,0.00147053910550362,0.00687581879462347,0.00576664053469246,0.000444495627763015,0.00693345834524784,0.00178770953930548,0.000720837822766528,0.00387250671219867,0.00148495361382777,0.000318953282053804,0.00111777721916918,0.00098970406143253,0.00115068421066039,2.96029633266506e-05
0.000559071965707103,0.000516360553438311,0.000416354704575719,0.000403392963250682,0.000746441404835223,0.00064417740235605,0.000305244009454221,0.000407957455258834,0.00215267988639784,0.000510806292227032,0.00156326857277353,0.000589072819110211,0.000567401327516532,0.000322487914357865,0.000305702069700501,0.000474099591413436,0.000475519718422072,0.000353244821833974,0.00046066939966493,2.96029633266506e-05,0.000377354767870274,0.00323843535500539,0.000583132043199745,0.00246636961597343,0.00244593241937114,0.00257222820872323,0.000288871266256839,0.000130907294339503,3.31105133765001e-05,0.000938000478203915,0.182540013329377,0.000241463008862153,0.0007512674283368,0.000341066023892303,0.00189871799577421,0.00260816612036775,0.00995717484898946,5.61910614562325e-05,0.00236981923740332,0.00124223997683054,1.85639220820807e-05,0.00312260828214153,0.000642471822999681,0.00321684618687545,0.00139257599562177,0.00139629057345409,0.000353537441616738,2.96029633266506e-05
0.00196772926742398,0.00256380963392802,0.00488990262689065,0.00404174514314879,0.00424780597408234,0.012534114954383,0.00176992347768323,0.00544783926481472,0.00318463167114176,0.00370495317071993,0.00648589091598035,0.00383370067763717,0.00427515606074912,0.00422814148155679,0.00291037847334674,0.00481027137697994,0.00461872377113763,0.00229712065188296,0.00309471184162044,2.96029633266506e-05,0.00178581826528843,0.0110363260866164,0.00240259061143354,0.0178214831504131,0.0176738880040448,0.0185864693354016,0.00215454867058802,0.00257127153504469,0.00716011361128186,0.021287593197712,0.00399557904365843,0.00217246857236429,0.0143580035058528,0.00638703387327325,0.00668713232541945,0.0183050939502832,0.0219694546750845,0.0010614470648502,0.0238161705465428,0.0423113307871027,0.00054047458996933,0.024046970332866,0.0247286251366682,0.0111645660405851,0.028428755255037,0.00540310167186033,0.0172491593987798,2.96029633266506e-05
0.000301555059810105,0.00108903314735848,0.00102417088995312,0.000561047497362586,0.00111926253109874,0.00504709378484634,0.00123487441174005,0.000873644660668472,0.000856998388883211,0.000742932185729501,0.00142028623815847,0.000956144715140466,0.000982724423337547,0.00148105178882829,0.00102752065801382,0.000848751914795196,0.000823185922684386,0.000597017463491587,0.000794524843460374,2.96029633266506e-05,0.000586666860915223,0.00583614890171691,0.00120401537062308,0.0103746383904331,0.01028883305145,0.0108200761254052,0.00182888618862935,0.000673534584520641,0.00288463650430481,0.0103749865431201,0.00791705400798828,0.00135370881307328,0.0373481100015288,0.00267728948541044,0.00524750296176404,0.00880328575398148,0.0139978544275289,0.000510938150096715,0.0344964781526031,0.0361892330696362,0.0660516752151733,0.0140263655239047,0.00346730244671002,0.0100776240028221,0.012823483671196,0.00216100282901753,0.00772521746645789,2.96029633266506e-05
0.000210989076615823,0.000539100133224274,0.000713339773460392,0.000406201478376422,0.000690983979092088,0.00548514425510807,0.000553890573182323,0.000724227481244791,0.000451404969775761,0.000525645258175344,0.000856339375556531,0.000980178914586563,0.000687828692952984,0.0006955891863494,0.00073721031207275,0.000574016756083499,0.000794033119230427,0.000465181780684157,0.000584394751015649,2.96029633266506e-05,0.00121468624474316,0.00240268060712855,0.00146585592157255,0.016566851274733,0.0164301032790267,0.0172784031916655,0.00145500273909703,0.00657180704501922,0.00224167535652848,0.00476465708341749,0.00429673300972782,0.000776496908404964,0.00219408762068669,0.348751561766397,0.00569526533697136,0.00470367369412243,0.00824586222432972,0.000456235095993344,0.00296621029672883,0.00222772050460564,0.2631930485963,0.00340049337854995,0.0032155493266785,0.00470696928801638,0.00345639608748526,0.000740314209664676,0.0268098697382474,2.96029633266506e-05
0.000356269863637951,0.000459199007788455,0.000706912640794757,0.000536707304499041,0.000872001502108979,0.00113607981720023,0.000707712881468739,0.000436227061035374,0.000942223243448424,0.000504327856556061,0.00174901216493929,0.000521446511984777,0.000463258806307381,0.00127711774416391,0.000483308631759911,0.00041417403131986,0.000793354564719175,0.00020725276444669,0.000470067355152144,2.96029633266506e-05,0.000613471819981657,0.00210545187294661,0.000526112140905661,0.0147196677685436,0.0145976982829025,0.0153514504808652,0.000950516892254312,0.00076498271760267,0.000149221354122901,0.00518077484992468,0.00567501245504033,0.000785870286902502,0.00299742498406006,0.0055322150391532,0.0441964264584063,0.0118851262630024,0.00943719662752233,0.000377121046070977,0.00980271028462012,0.00342940175681743,0.000656540749287555,0.0120138339533876,0.00398587814080087,0.00245852163971386,0.00252075503570926,0.000577271214115066,0.00128120598510628,2.96029633266506e-05
0.000103581609078746,0.000589927971401426,0.000703043466162245,0.000303271502050349,0.000841427733889264,0.00179190535845717,0.00100229227857031,0.000747900749035225,0.000411486617664605,0.000781827237053676,0.000713759602242673,0.000938297569307088,0.000630949812215965,0.004755475905266,0.000538765597896554,0.000973186302802209,0.00107086882404667,0.000473938303343243,0.00049453583217035,2.96029633266506e-05,0.00102642831587282,0.00385342077991748,0.000712149889937768,0.00326671141771396,0.00323969609502157,0.00340697090798848,0.00154310083835032,0.000749731953661007,0.000243243270036855,0.0039907911869916,0.00834063268044526,0.000499189665208597,0.00397380569869837,0.00504167616132031,0.0187007487447564,0.0593744548583431,0.0226858971367956,0.000267907432251076,0.00268500031058932,0.00508608496246922,0.00210363649517559,0.001412014982506,0.000662520985440536,0.00320701741341679,0.0038142718813122,0.000393971339840284,0.00124523665145502,2.96029633266506e-05
0.0143841146024441,0.0122167825311576,0.014035877527473,0.0209548014770689,0.0170622786900336,0.0217958051851071,0.00599324590101605,0.00988876903032742,0.0242809414954269,0.0128662899581214,0.0237681333379139,0.0137136658611833,0.0140361518255499,0.0110697086784208,0.0159707671301332,0.0179253482084411,0.0178190538970136,0.0237885264381365,0.0212990887109116,2.96029633266506e-05,0.0162820382529006,0.0247904360118283,0.0364053466540605,0.0312004443763229,0.0309419066406697,0.0325395928613899,0.0152965271000191,0.029721946459087,0.0175355316691725,0.028211832260412,0.00927055068266113,0.00941060278149967,0.021862120875776,0.0108220773490439,0.0215899079670898,0.0158655037290481,0.208298905490271,0.134740453655204,0.0457725213896083,0.00990929174973244,0.00337632072895064,0.0302112608984351,0.0173433118501709,0.0175684463341121,0.0125466578796277,0.0164044990865382,0.0246076391933428,2.96029633266506e-05
0.000591258931044752,0.0042635468336941,0.00924993850429905,0.00378944773701687,0.00270874763944359,0.0123157075108019,0.00167145047523951,0.00320372948711316,0.00556854555262276,0.00195844618078306,0.00343566831789478,0.00153657034500958,0.00189927677259906,0.00192328406197762,0.00515769019523498,0.00251632092857701,0.00241266586697428,0.00174150490488614,0.00810102247157014,2.96029633266506e-05,0.00120219743827091,0.00650810149512112,0.00560592104263261,0.04221447313077,0.0418647509079532,0.0440264279026392,0.00439744469627131,0.00281813012564063,0.0029946583785,0.0182879039737509,0.00287010780259724,0.0239380002163859,0.0192143017653348,0.00833136018902838,0.0177095423301263,0.0329145886127139,0.0339229722157526,0.0123083003683294,0.0421648625244111,0.00372450084340927,0.00271490990669628,0.0199203602254004,0.00671750560951032,0.00474297256032429,0.0111812022559224,0.0159375134507103,0.0114130457079703,2.96029633266506e-05
0.00101052613686089,0.00402880098562067,0.00514540045555126,0.00246016332565838,0.00465910440322371,0.00912896111136536,0.00631813489012159,0.00874085250913477,0.00915190708866794,0.00476979806973149,0.00834349512815378,0.00993291083111154,0.0070807102930304,0.0117457730159446,0.00659156342327204,0.00830650016805095,0.0212066151792832,0.00421673933448023,0.00510403781339757,2.96029633266506e-05,0.00546350366032843,0.0116672266445499,0.0620012929974761,0.00825138802432067,0.00818304087816181,0.00860556895295057,0.00110723651118841,0.00306380359455059,0.000373456873225536,0.0115609659232289,0.000963107747336811,0.00124920376917344,0.0286786718244832,0.0188885205533675,0.0162288207627527,0.0369657819919302,0.0254850005030772,0.00062654722166771,0.0336598621290623,0.0193221599795411,0.00287551309657973,0.0105076135867172,0.00442524025303015,0.00248910994417453,0.00332225445881837,0.00294292852336252,0.00247466149897428,2.96029633266506e-05
2.29911938208337e-05,0.000314941670941875,0.000216986820349963,8.24791948520727e-05,0.000154227173144968,0.000315937608651926,0.000271172343837423,0.00115332238074749,0.00535019574706038,0.000738409259126087,0.000636275756630056,0.000412957187916722,0.000262232216434218,0.00596747277654836,0.00149135278434888,0.00153112833769936,0.00297222790361864,0.000684587519944713,0.000376238971049802,2.96029633266506e-05,0.000411943013089308,0.000178440906408604,0.000443512243347254,0.000221210083254557,0.000219406629430468,0.000230731856053962,5.14862771202127e-05,6.90278079473985e-06,8.64021322172609e-06,0.000106743155971867,2.87730898440069e-06,1.91304462470925e-05,0.000284051999760105,0.000104691770060712,0.000775188302922329,0.00430631663142214,5.32943421850178e-05,2.34656881797161e-05,0.00111924388782337,0.00080301773782627,2.26961303367901e-05,0.000139629649485997,8.64091045883998e-05,3.74305317617111e-06,1.40265666756263e-05,1.77138068685879e-05,2.10102507566019e-05,2.96029633266506e-05
1.39657201488555e-05,0.000464646022035406,0.000246459864191218,7.16278128453146e-05,0.000269517099098852,0.000216401666851123,0.000170381627900381,0.00017983667738924,0.000206948897544662,0.00010890196245999,0.000212464346048924,0.00010408013232305,0.000187507114921212,0.000388139765539075,0.000222146652756252,0.000135085370838641,0.000680048592819543,7.10534128447577e-05,0.000140847573042271,2.96029633266506e-05,0.000132709949236165,0.000424563273102434,0.000210414570970334,0.00119455495352559,0.00118465685759303,0.00124582659558438,5.36321825773486e-05,8.80786166205657e-05,2.37474733247281e-05,0.00072767592322496,0.000153707504592283,0.000131905216092973,0.00175100024119192,0.000469282840740536,0.00252844312979462,0.00168113063855003,0.00393874847635304,7.87625878875523e-05,0.000164392578887921,5.23356931201814e-05,2.74788414544178e-05,0.000471220163264425,5.76552106563753e-05,0.000279447583877288,0.000433701101607311,3.66320912207732e-05,0.000198371687809539,2.96029633266506e-05
8.59590827490436e-05,0.00092854319166785,0.00243113657749314,0.000356519790322169,0.000851803276239889,0.00146785019205979,0.000532992131235392,0.00144354550808795,0.000223485356479385,0.000374849222026554,0.000832123218418968,0.00308258366987847,0.00145980848194929,0.00106370462676094,0.000559120673609777,0.000432773830760556,0.000288808361680412,0.00208082185367243,0.00064126977499557,2.96029633266506e-05,0.0038248306890099,0.0130491007666389,0.00177046460911219,0.00649578239361474,0.00644198057668779,0.00677460924340469,0.00326565678135614,0.000232415224257005,0.00204760395983636,0.0122132061430129,0.0123081102465155,0.000191585901497809,0.0020225788146488,0.00440706535634383,0.020200090193827,0.0394278682897871,0.0173521462591459,0.000141064633602019,0.00466107538172857,0.00115869781754495,9.48683958358666e-05,0.00547698070333872,0.0013268934574755,0.00281245858671004,0.00227630544486249,0.000171415984321714,0.00221023132286783,2.96029633266506e-05
0.00130511862908345,0.00361195486132597,0.00519382898150693,0.00209303152997922,0.00616282030220245,0.0124092479924031,0.00469334633616402,0.00598819205349478,0.00117875401760482,0.00368478369576791,0.00671947578122395,0.0104263692920537,0.00529242901021351,0.0049612086286931,0.00418782372893702,0.0024729566363791,0.0038138038956596,0.00286833274095047,0.00307245430458928,2.96029633266506e-05,0.0159104910164164,0.0295863585034999,0.00446085175504252,0.0278257155631881,0.0275953365786154,0.0290201972864747,0.0154553034674978,0.0949003794175244,0.0311042799473747,0.0664129096585278,0.0670155187356862,0.0031334254291982,0.0172372815280675,0.0170061471676317,0.0827289028219275,0.0419465340508796,0.0670033378094002,0.0040838278800781,0.0267311357781075,0.0132885307826565,0.000676172923193856,0.0436138181612716,0.0168660858823578,0.01698701691683,0.00617758776053246,0.00602177503967575,0.0151905651759189,2.96029633266506e-05
0.000773465836310109,0.000325812373851141,0.000368746028428379,0.00046314710726315,0.000450393585760261,0.000852464287616896,0.000187099043502011,0.000335863709787685,0.000302610944935405,0.000379350044386833,0.000669036208803637,0.000378026597066275,0.000463062070003512,0.000258161536173352,0.000313588659574429,0.000392169372003751,0.000371365927879592,0.000259476298487416,0.000340782487403385,2.96029633266506e-05,0.000414341271474525,0.00349780721728931,0.000738213124034475,0.00148896052525609,0.00147662248038616,0.00155286792374283,0.00121873916889598,0.000170418823931618,0.0228089796237615,0.00133392775882146,0.0023764133034875,0.000360298069921169,0.00251849146110959,0.00226992352719555,0.0083940273614238,0.00141966287602943,0.00305551681593141,0.000525161961616175,0.00167072365031662,0.00132725855709987,0.000126827762202579,0.00101303011950882,0.00135071577719084,0.00106878731894269,0.00111590188396007,0.00141057446659444,0.00110898634795732,2.96029633266506e-05
0.000234210351239025,0.000569849597635878,0.000937745102194304,0.000628856800450024,0.000918518627736671,0.00201865797833945,0.00101973779370715,0.00102882712299167,0.0006029622311893,0.000695837996658967,0.00109480093897402,0.000912831091950054,0.000831067783048874,0.00100961850242461,0.00063083190457114,0.000874305816855783,0.000927365564776716,0.000562863921734511,0.000643707790224472,2.96029633266506e-05,0.000471176484861723,0.00212230849348676,0.000608008478295513,0.00376021573050553,0.00372928235863991,0.00392181472185893,0.000407879083864122,0.000602819794450867,0.000844498235428623,0.00318541522578405,0.00121729681625006,0.000532261418354551,0.0020163280377018,0.00143701677573174,0.00233003431323551,0.00575024790953836,0.00565058998941786,0.000222377703770212,0.00386942252536674,0.00508913350669455,0.000266498256325034,0.00302426278796143,0.00270033279292979,0.00242304925658569,0.00337077387223399,0.000724814482905902,0.00228584313243689,2.96029633266506e-05
0.00197191920778478,0.00138416832992314,0.00130916265357484,0.00230630902734142,0.00142643952533281,0.00124488062261184,0.000263042764400174,0.000747990552804629,0.00334358505602897,0.0018726932628018,0.00196534134075173,0.000793490194584091,0.00157493588393551,0.00110291327238439,0.00162909505817544,0.00170235503534957,0.00117442452308603,0.00149655128242463,0.00121930658548716,2.96029633266506e-05,0.000489594620798067,0.00636870511677302,0.0060646285957663,0.00740631400889953,0.00734495456873528,0.00772420996498257,0.00161746689389449,0.0006449234135436,0.000922618070036055,0.00285914603395497,0.00529942168615631,0.00102994749310844,0.00273533260781862,0.00185795116103636,0.00197376511016593,0.00489010271265727,0.00709043850228118,0.000677057442271213,0.00675974854425474,0.00349410358016119,0.000191904024315436,0.00537540443586998,0.00621792672611357,0.00369302948975077,0.00565143317525293,0.00674424457203846,0.0022996646544549,2.96029633266506e-05
0.00132996704220967,0.00169772782650613,0.0023697464983276,0.00174160731885719,0.00208050283078871,0.00688385188873676,0.00139978521379003,0.00256174560326618,0.0012402569885902,0.00169760392823077,0.00504640872094262,0.00270789171035398,0.00254211895793198,0.00173354613069369,0.00150818041271822,0.00227208654886944,0.00313203766487316,0.00115650727176386,0.00153593987072808,2.96029633266506e-05,0.00200192853634997,0.0120463359045519,0.00399362038432718,0.00934758628219419,0.0092703614423535,0.00974900661525734,0.0158642873327081,0.00193898817688481,0.00033078448178412,0.0145399677192313,0.0130546354728952,0.00107362941957558,0.0387925851875155,0.0300944249017956,0.00604554844409459,0.0144609121288037,0.0213911614899626,0.000708193808322588,0.0129423753753044,0.0157042909580021,0.00189910667350743,0.00968215219496365,0.0102727093534509,0.0110523620567587,0.0106609970519095,0.0102271080624418,0.0112918198095731,2.96029633266506e-05
1.19548927460835e-17,1.00115967600599e-17,1.30151321345255e-17,1.66066507612882e-16,5.31820494097946e-17,9.09010980170516e-17,8.69431891317228e-18,5.90900547121568e-18,2.95975352694275e-17,4.86098561713746e-17,6.98830894522e-17,7.72294620227282e-18,1.29089545695893e-17,3.78824481898292e-18,1.46146110590679e-17,9.52974310074777e-18,7.76292232809395e-18,9.95192891370544e-18,4.6214711566504e-17,2.96029633266506e-05,1.04437110217976e-17,2.54124077549551e-17,5.5437821528e-18,7.62836882738501e-17,1.20403821529099e-17,9.0702088705757e-18,1.03941900225133e-17,8.00569506056005e-17,6.31591617785076e-17,1.96694645109214e-17,2.09236603909403e-16,9.95627493884044e-18,3.85931053371865e-17,1.87951743244656e-17,6.85142526435647e-17,5.81926660325824e-17,1.06062516875705e-17,8.94267942199421e-18,2.32435900156888e-17,3.1699625036236e-17,3.88414269706601e-16,4.47426499869645e-17,1.18923291866811e-17,5.51430250194558e-18,1.10523089937882e-17,9.11773556237706e-18,1.04775019459692e-17,2.96029633266506e-05
