0.0205193524282241,0.0105398898614818,0.000790292840096409,0.0106100147809604,0.00229100867530454,0.00125912229717499,0.0372997618791978,0.00182540921441745,0.00115833141449482,0.00586235480454329,0.0481375440840281,0.0312529976916285,0.00329509482665586,0.00211576420047085,0.00487444679974826,0.00383089563189563,0.00281920559576943,0.0030522278938452,0.0275139919134632,0.00402940048757693,0.0188441822695845,0.00150980805729563,0.01817824697122,0.000661209401528091,0.00153360394431961,0.000794809884788194,0.00301754755591849,0.00581988580770967,0.00999386717085293,0.0008614351962749,0.000652277907178862,0.00141252078104359,0.0316150066564155,0.0126758098797202,0.000719933072446296,0.00112244952843913,0.000561054883475267,3.8873352850061e-05,0.000870706754995399,0.000456034752613586,0.000332103849642045,0.000743315140768421,0.000354118746702684,0.000847550176980298,0.000972411276602635,0.0038587022116875,0.00163458412993917,2.66047751345422e-15
0.00102488902586306,0.00864520429031973,0.000185236745505886,0.000731035628907928,0.000351064130714036,0.00029655223884185,0.0019920300214934,0.000395883165933305,0.000364303613515429,0.000649468261279881,0.000525856415421412,0.000821391774020928,0.00070529046615124,0.000696724126770148,0.000564421717785181,0.000580603237995289,0.000684697265154036,0.000422763483535464,0.0014694114691738,0.000503552705919119,0.000359513865121374,0.000298264416976099,0.0010395666191654,0.000618541970935653,0.00105573687378519,0.00114844076649557,0.000523613606801684,0.00130854482266771,0.00127744877579784,0.000549262950500267,0.000300740910575415,0.00175072761846098,0.00168843014583469,0.000676963941724988,0.000783699009969111,0.000677835922909166,0.000452417400907019,4.10989119202979e-05,0.000604486118933741,0.000596708901699925,0.000354057245267579,0.000573716083779193,0.000214453491937332,0.000359168786095586,0.000564187583689981,0.000549871757162468,0.000881792772738901,2.66047751345422e-15
4.95085283568277e-05,6.46867291039784e-05,0.00763658338208867,0.000467491334049233,0.000196548232952597,6.61180470173438e-05,9.11319605336447e-05,6.79197331413622e-05,5.46034841690513e-05,0.000228078697430772,6.03753474390379e-05,3.60291995718028e-05,6.20902026362184e-05,7.81584144775818e-05,6.2776758641122e-05,5.68820523997631e-05,6.24581564928623e-05,3.7857065100486e-05,6.72230571686069e-05,5.52119945964218e-05,8.08161424127099e-06,2.87673484467669e-05,0.000511783671439219,0.000125913312949094,5.6571397567305e-05,6.43677964844179e-05,2.31945259721489e-05,1.89305499887463e-05,4.38168158942664e-05,8.45299743960686e-06,2.37804389232202e-05,0.000102154184854331,7.72427863806333e-05,3.09699404900192e-05,7.25928490423342e-06,7.30209574993274e-05,1.60382115104234e-05,3.37830812255323e-07,1.81017907879368e-05,0.000188920242574976,5.66701319458698e-06,3.52840827151264e-05,5.9362697295487e-05,0.000557804010525446,1.23823887833329e-05,9.55663474152872e-05,0.00038978218459569,2.66047751345422e-15
0.00153115507553443,0.00116410185185133,0.000167577597397562,0.0877735357437056,0.00181063327496096,0.000225131230952466,0.00305997696066364,0.000133081377075927,5.31570310752936e-05,0.00530414652619493,0.00121251438482045,0.000422364950544273,0.000795601054670929,0.000118548967297583,0.000366308008852041,0.000402661198293438,0.000335947039291622,0.000225770460550277,0.00225717744857876,0.000351314655964928,0.000110436240571991,0.000101625722527559,0.0126265176388918,4.24447050740469e-05,0.000122036652429903,0.000104979084764361,0.000229296528017556,0.000406010298142814,0.000752139992502837,7.20678343947643e-05,6.21543720458095e-05,0.000132658182399627,0.00259361419767701,0.00103989098684644,4.06078666494453e-05,3.36534879247397e-05,2.79571951382111e-05,5.29807950604669e-06,0.000147664062672524,6.03276899584632e-05,3.08979824550161e-05,8.23634379003651e-05,9.5537217521597e-05,4.32587767925534e-05,0.000962697192265658,0.000323909192075103,0.000306339835362156,2.66047751345422e-15
0.000381973556693314,0.00208574380979483,0.000461067983834977,0.00132819435223387,0.0289373630405503,0.0035975346542199,0.000763651700878392,0.000530620904704831,0.000115399498345326,0.00119919638858818,0.00153549678252689,0.000355024063716509,0.000371073272701158,0.000286083676949014,0.000605934203846572,0.000306326022215594,0.000296476781905101,9.33342091061268e-05,0.000563304044425775,0.000444889655622636,4.89373922065533e-05,0.000142900320621121,0.000345673512110201,0.000114116706590144,0.0004282249142397,0.000164280944529498,0.000175009487746474,0.000145587401581988,0.000312296892659058,8.0269407537699e-05,6.20520374705942e-05,0.000100171205560315,0.000647265622891762,0.000259516503242289,0.000118305946920349,0.000144236703896311,0.000192935469153661,1.7430837300432e-06,0.000255322939207724,7.6591788084187e-05,0.000263971582487516,0.000219090269188086,7.18573375928918e-05,0.00018243194922679,0.000148561324217881,0.000258938196183031,0.000174969235416263,2.66047751345422e-15
0.000825715178438742,0.00145043999651403,0.000261327541608597,0.00109480622251293,0.0124882771548724,0.0309656921178082,0.00164304246882755,0.000701597940395024,0.000570420025870369,0.00114693072308762,0.000838784343022223,0.000448503967484098,0.000496320200710079,0.000465146958659059,0.000649361782487231,0.000463924786014382,0.000471601058757924,0.000289570683156947,0.0012119824611001,0.000546050634043601,0.000103342656205238,0.000220109293599566,0.00258089607486473,0.000389213716897343,0.00140133307279358,0.000801370286110457,0.000274357354597186,0.000536697966867512,0.000812178838958927,0.00016219682443952,0.000125516197889698,0.00028590748839668,0.00139263083654499,0.000558365332910592,0.000342487337124684,0.00117393722327736,0.000448113293795555,5.90405421853126e-06,0.0034079189917427,0.000306338458734986,0.000403642208836191,0.00270783106111503,9.14468657543341e-05,0.00366670350120245,0.00598655066617113,0.000286053834703038,0.00023790453731584,2.66047751345422e-15
0.000581343527415696,0.000305270441714509,1.95889792664377e-05,0.000319883920446932,5.74469619357183e-05,3.13939819848159e-05,0.00117466601353672,3.78779260197622e-05,2.19151987963285e-05,0.000112682334484314,7.78200969676372e-05,0.000131840696688836,6.98518245185153e-05,4.84823844414936e-05,0.000122956496537734,9.87995836378528e-05,7.73492370471352e-05,8.66498756644942e-05,0.00086648679694371,0.000120137021481598,4.57598873793637e-05,3.2896314221383e-05,6.22681919897025e-05,1.44340368476024e-05,3.25413300177878e-05,1.83637044172942e-05,8.43751591932387e-05,0.000164032060907732,0.000302792706550865,1.83473365983446e-05,1.65251744091163e-05,3.97288641839314e-05,0.000995638362445948,0.000399194051371796,1.58830162205488e-05,2.54948042423559e-05,1.34685886023789e-05,8.49053518241623e-07,2.15743975459864e-05,1.09411048573713e-05,8.2800918164735e-06,1.83499142652808e-05,8.25924268975612e-06,1.63888755708941e-05,2.27402733352751e-05,0.000118774348255026,4.34330491104732e-05,2.66047751345422e-15
0.000169185300810553,0.000325790438208314,5.3217569755361e-05,0.000160337910388571,0.000165795934855279,0.000108055925806966,0.000295252857973944,8.12321079604924e-05,0.00154356829605717,0.000356614809263992,0.000316102047952992,0.000427872272741352,0.00029041770775444,0.00033100622678376,0.000464783870290616,0.00022343737563235,0.000334246444963914,0.000140639264509877,0.000217791866152704,0.000122643055666918,0.000197010694965332,0.000104798180844691,0.000335491432993654,0.000170673654399831,0.00043303007129092,0.000181233416325573,8.39229999989571e-05,0.000219637459856563,0.000306999248699458,7.84316565203928e-05,4.04696741499616e-05,0.000112495542509721,0.000250254173214381,0.000100337613581629,0.000216758355860145,0.000332752194277705,0.000113546836778372,4.9174270117628e-06,7.34630554889372e-05,9.73201904790881e-05,0.000212627426437312,8.18973973219442e-05,3.52055565391393e-05,7.97043258982216e-05,9.41765244834725e-05,0.000237320076457811,0.000104490051850671,2.66047751345422e-15
0.000548632232242336,0.000709556145209348,0.000108052368280094,0.00043162044973842,0.000153977602448527,0.000207629352610917,0.00106886874642726,0.000184134693609236,0.0247466062865508,0.00162346116814168,0.00025758232053767,0.000435996418177029,0.00058379201966743,0.000583929991851109,0.000397879295490763,0.000450382055456186,0.000540764213748521,0.000295141583064363,0.000788445946143011,0.000257044583504057,0.000120270491627025,0.000133403557599371,0.000556446207957653,0.000225207375545029,0.000469995899438187,0.000254989444443724,0.000182424956211375,0.000473776990085862,0.000565708285478689,0.000158491941449482,8.14693450719843e-05,0.000207648843203563,0.000905965368963343,0.0003632403086102,0.000268669319667265,0.00050458651396516,0.000165523485791946,9.55578365948837e-06,0.000135228587145334,0.000277578597986146,0.000170840171591701,0.000430935121876044,5.57935688882764e-05,9.49474526255041e-05,0.000452839185247113,0.00299911386066545,0.000247727562758689,2.66047751345422e-15
0.000429609132207724,0.00363824152926963,0.000363174189552947,0.00466338439000237,0.00308994616997329,0.000268607374316066,0.000781136587594445,0.000441315277835787,0.00108192601993819,0.0529699970635276,0.00145935978160613,0.000323486689190176,0.00101330458373464,0.00194051587230504,0.00557679741163662,0.00240833250028889,0.00413518578307449,0.000725848835072625,0.00057620168793544,0.00170985641525799,6.32506310294984e-05,0.000248869407433128,0.0133982476536149,0.00062797614242903,0.000817053946457983,0.000312629144177149,0.00152189696402209,0.000419030879635338,0.000259671092826402,0.000268845285248654,0.000158237853408717,5.32691075901456e-05,0.000662085685596317,0.000265458500955276,0.00107536428505715,0.000195439642464195,4.4590626046971e-05,4.33891541852808e-06,0.000131687102468203,9.45066961594162e-05,3.58788910630036e-05,0.000117320854380632,0.000130684648269081,0.000458882664479757,0.000314922685936061,0.000668964487229107,0.000338652287411444,2.66047751345422e-15
0.00203375328670177,0.0011766588404463,0.000133517599791147,0.000764999438450872,0.000129479025750684,0.000263384708978526,0.00207546643239965,0.00025516179018886,0.000161674084212932,0.0045907539841514,0.074403306339639,0.00216321618620803,0.00161439819040921,0.000206335229485258,0.00197235133134402,0.000898724005393989,0.000267926130966489,0.00024117248716976,0.00153095794076786,0.000296748844626937,0.00127751851303702,0.000494872038354058,0.0354117066231162,0.000264911248050721,0.000639621078656711,0.000163927527295951,0.000524896682906601,0.000314671045328817,0.000687025974570466,0.000154431528655328,7.921728803621e-05,9.38492527343328e-05,0.00175915024036859,0.000705318655760946,0.000124295057479731,7.93346989743944e-05,9.37397317447637e-06,2.45175435855665e-06,1.69839093739694e-05,7.00500872071772e-06,1.57968203680257e-05,0.000108352645184505,3.96560265478117e-05,0.000338695414179848,7.10078552896574e-05,0.000224454148456859,0.000305888295688141,2.66047751345422e-15
3.33181309821021e-05,5.6322117809032e-05,1.51219536762366e-05,9.93888620388933e-05,4.83727462606848e-05,1.26305441292517e-05,4.82686693338113e-05,1.82854135773168e-05,1.59506408507045e-05,0.000388416796535316,7.96770266758003e-05,0.000110347622874121,0.000341540767679473,8.21697298621981e-05,0.000468310725029073,0.000398443362657895,0.000202177603494573,0.000252066124822303,3.56051543177485e-05,0.000179208020215025,1.53124515256976e-05,3.94022431051761e-06,0.000390568316238281,5.27262459112268e-06,9.52879624080845e-06,5.42494281378221e-06,9.66776948267376e-06,2.90539038595052e-05,1.95708887837915e-05,3.16948495661978e-06,1.72135643443083e-06,2.18144322041423e-06,4.09121727700847e-05,1.64034418665739e-05,3.41551041107989e-06,1.36752756618747e-05,9.61628071585399e-07,8.23480586500324e-08,7.32880090869132e-07,7.03765646171933e-07,9.09252405382152e-07,2.18476192620414e-06,2.15547839740795e-06,2.54008520751385e-06,1.90257044517584e-05,6.56251681913532e-06,2.72108224084345e-06,2.66047751345422e-15
0.00128235298564837,0.00176414001562193,0.000529073156363299,0.00589188950787058,0.00188177925658084,0.000357680581448321,0.00187577868160372,0.000632405812841133,0.000401587175946415,0.016138040333,0.00298253311366559,0.00382392006366612,0.0128784568005314,0.0026223072069518,0.018265569568213,0.0154181185003926,0.00776864009388158,0.00983772949493992,0.00138365922131729,0.00763604075788039,0.000425806466995854,0.000156095089394191,0.0158126900053814,0.000391590633515795,0.000332207218201647,0.000237178818842543,0.00052074113087557,0.00163382024616079,0.000927252944953471,0.000191557915716519,0.000101810945656026,8.04499330626803e-05,0.00158989635636084,0.00063745752644339,0.000215360029368906,0.000101717105371541,5.75182269533985e-05,5.16609694460048e-06,6.14124377855332e-05,5.17059391298646e-05,6.29591442130086e-05,0.00013401675303267,0.000191626667279082,0.000139426444364903,0.000745051741331002,0.000238149139120017,0.000133367961396253,2.66047751345422e-15
0.000689290382368229,0.00238861295366129,0.000407685062487289,0.00109806451878511,0.000570084671697725,0.000744097260714595,0.00126156942441484,0.000525323264741207,0.0010625748680368,0.00222774292463492,0.000945213439920604,0.00156445063097943,0.00246708742962077,0.00273958894954554,0.00330319057920998,0.00184384693609035,0.00275655391893232,0.00121416307997262,0.000930590684574332,0.00109878518225206,0.00033774618595072,0.000275605555430396,0.00185876912096007,0.000386741589244382,0.00117780739097346,0.00045733893363937,0.000651130718220676,0.00111349087109748,0.0012403920986683,0.000465586261163049,0.00037241414346842,0.000411232335419597,0.00106929706091902,0.00042872697755395,0.000689797467827037,0.00229106101216525,0.000496687325315109,2.27810065981173e-05,0.000705724223302557,0.000224768447870986,0.000372316061387864,0.000656577061959705,0.000306801304904618,0.000365724633643277,0.000337232957237621,0.000383659616742232,0.000483282121242028,2.66047751345422e-15
0.000152990890982432,0.00036681329620117,4.94009983910657e-05,0.000185309927078571,0.000211377494065745,7.10678375115224e-05,0.000284815679289036,8.57442052263874e-05,0.000117654536757806,0.00035721885658176,0.000156865472916498,0.000183555998310295,0.000343102303808391,0.00124764877351631,0.0106855596722734,0.00089775718526855,0.00248611539213642,0.00030161350927369,0.000210092930945933,0.000837297191246407,3.9944539401055e-05,0.000131807241993412,0.00283856434628491,0.000205910255240574,0.000549359188906045,0.00026195862904582,0.000366447340275969,0.000277914879591148,0.00036443227911366,6.54174990039017e-05,6.14992892924965e-05,8.88738693988429e-05,0.000241407696535354,9.67906822870265e-05,0.000431967830767683,0.000381592362745822,0.000102708780221161,4.41450944566932e-06,6.1141890977513e-05,5.73409284686876e-05,0.000273142021014851,8.92643172169018e-05,0.000288587143294428,0.000119244034706372,3.72601282949694e-05,4.24165036700021e-05,0.000128592224260391,2.66047751345422e-15
0.000774808917180644,0.00129368746982145,0.000267395234213561,0.000989566416809896,0.000479816991251618,0.000311092281374807,0.00139511605733265,0.000277799265946424,0.000434356094471684,0.00345911442882841,0.000993982738936757,0.00109174858527521,0.00212400220801057,0.00155167572379782,0.00557512613660229,0.00266315070439371,0.00244680189115658,0.00221676829652222,0.00102910072305852,0.00467707800586887,0.000189867592686103,6.64290019004302e-05,0.00362604925076539,0.000181272062464135,0.00031435691993189,0.000105777040927065,0.000521094806074416,0.00287900523898706,0.00142428528044182,0.00027259034756895,7.5429624709592e-05,8.09064666575434e-05,0.00118249021486762,0.000474110959747333,0.000328384626319215,0.0007684341419703,4.34539993675257e-05,2.47068267393203e-06,4.34953379976775e-05,3.28597697445247e-05,2.29737134369776e-05,0.000217259291615105,0.000165246179931661,0.00028492902465477,0.000179489137888933,0.000194803838065539,0.000149419642974469,2.66047751345422e-15
0.000765776101820339,0.000408143732467481,3.93336219433731e-05,0.000687340555051826,9.7706221955787e-05,6.63991536922132e-05,0.00151935966718875,7.1580468762304e-05,3.5285517673232e-05,0.000529972169098086,0.000205972079536266,0.000170867820017803,0.000122599224703372,0.00202818352719842,0.0232810844558995,0.00146963718612101,0.0180886648553742,0.000231885650969309,0.00112074843083616,0.00184702040119202,5.78500587502862e-05,6.71925213669963e-05,0.00205990684505755,0.00708018190682778,0.0008239614589411,0.000478013809830654,0.00461888419494065,0.000338039241009534,0.00049499618432683,0.000441082141429217,0.00118918927584894,8.48475285542375e-05,0.00128779819418768,0.000516333437799783,0.000298484002307204,0.00042769550268195,0.000149981076377108,1.60706437392056e-05,0.000544155336180019,0.000112599525114998,0.000146559242729862,0.000608929814098871,0.00534896498594765,0.00027988832433047,2.29315745555344e-05,0.000167100468774318,0.00033087402835757,2.66047751345422e-15
1.23999739605452e-07,1.93372405478298e-07,1.87226377413388e-07,2.97618237551945e-07,3.49454962160701e-07,2.11698759182975e-07,1.53565401456077e-07,2.90804189968583e-07,7.48789088427394e-08,7.19263913932056e-07,3.47029023726214e-07,2.66712204659328e-07,5.87615860152631e-07,1.75465589462637e-07,6.02097321086652e-07,6.22239670923903e-07,4.08206708275295e-07,4.00578864701732e-07,1.13276787866215e-07,4.87631310083545e-07,1.86592222575771e-07,2.81164806885032e-07,1.72788988234979e-06,5.53269075362641e-07,3.13181707573161e-07,4.40139434148481e-07,8.24861026502024e-07,1.13685145089593e-06,5.81245646780297e-07,7.17091340145609e-07,3.80615318336468e-07,6.81627595581822e-07,1.30160916441041e-07,5.2187084712885e-08,8.87201242859126e-07,9.72984481454616e-08,3.41899671278159e-07,8.72232505119179e-08,7.58000950215163e-07,6.84215319604299e-07,3.32298602623072e-08,1.45616788230521e-06,2.79812737346424e-07,3.69040542603622e-07,5.46379667769422e-07,3.0811050051927e-07,7.390801265252e-07,2.66047751345422e-15
0.0308881164270091,0.0167259128411299,0.00118378224382366,0.0173484739283693,0.00333036668552686,0.00190935888915031,0.0623693855506318,0.00222520687513799,0.00152175261722797,0.00648996403284563,0.00437551807162894,0.0073599722365888,0.00435272201518041,0.00316934562753875,0.00699647486651059,0.00573031847654681,0.00467725052376121,0.00491476670967341,0.0460064805573139,0.0066088534312274,0.00252835458418756,0.00185451521567199,0.00387322322976854,0.000941948802675316,0.00212036375285175,0.00120389272534909,0.00471145486122445,0.00915121198574509,0.0164360963272809,0.00123622048529209,0.00105807515041479,0.00232903446042057,0.0528638371935412,0.0211953758877932,0.00116420433313851,0.00192381591299751,0.000975161359705804,6.32928838463953e-05,0.00151244089853378,0.000797060138726885,0.000572621207148344,0.00121372568167028,0.000580299737936508,0.00107875961413281,0.0013899696306024,0.00644769773510474,0.00254962596907901,2.66047751345422e-15
0.00316738588913901,0.00205537527566615,0.00031951782980545,0.00292819967574795,0.00123814653807103,0.000333889713969507,0.0058507969724024,0.000512073772613008,0.000277620132856449,0.0100991599521194,0.00172128350591911,0.00216079582869386,0.00353248562681001,0.00159657650621086,0.0114258604867042,0.00713828259705123,0.00427277983807462,0.00831735916633697,0.00431581255417538,0.0255229842420304,0.000380264125924216,0.000142720058963921,0.010808713066546,0.000725751077693875,0.000576315502002291,0.00029071134542181,0.00227057780980463,0.0175921067631066,0.00780201040809597,0.00158941674344616,0.000310624832020896,0.000194783411070899,0.0049590929246923,0.00198831269505708,0.00160594681119418,0.000498906617379232,0.000172195849580522,8.41270104281139e-06,0.000182439456814834,0.000127577769605949,8.97646147556953e-05,0.00122425581010945,0.000469610817492038,0.0014651208975459,0.000414808914608805,0.000564780241094993,0.000591439422811378,2.66047751345422e-15
0.011424477221694,0.0181074912667166,0.00947808911182193,0.0418129429921895,0.0181220917638012,0.00700539628099413,0.00964832425268299,0.0145826886475529,0.00383839255759018,0.0329117522098737,0.0327878248292068,0.0367164239054824,0.0139330431647227,0.00531690450803586,0.0118178766114973,0.0101931358881086,0.00884579316470024,0.00619508002137613,0.00711704048745792,0.0107214549045743,0.211218485686332,0.0246573254518203,0.00677911993827984,0.00713479376546599,0.0101240939863033,0.0191679985831763,0.00637637274094729,0.0146136979148933,0.0156676992179903,0.0283289569832713,0.00542612022223957,0.00660032073589895,0.00817784940450102,0.00327884999054405,0.00706214034437237,0.00186391594757274,0.00336860977569449,0.000682363408058097,0.00293115337462692,0.00175397487019758,0.000500089499331424,0.00268769596194556,0.00390429098100848,0.0110335841430713,0.0268686666017035,0.00559427385175416,0.00472283569517975,2.66047751345422e-15
0.000606406297486619,0.0018828587520143,0.00068033850489657,0.00202513535229776,0.00161606567489696,0.000980550320126763,0.0008048082322592,0.00177713551161655,0.00086157668227501,0.013820988581315,0.0018480731770336,0.0845382886991724,0.00168340767576829,0.000378611580987932,0.000632309849809854,0.00160578722004687,0.0110906618612204,0.00127447933754509,0.000593662964015266,0.00147139097737641,0.000143427707547853,0.0795201440344661,0.00467082759335052,0.000255884040556912,0.000869748789891143,0.000591042940109544,0.00088213267383372,0.00108456399760878,0.00237620484523035,0.000422849268619473,0.000771271085486811,0.000516925720513973,0.00068214959930355,0.000273502983069733,0.000283824575549389,0.000612124279461562,0.000565605079206283,2.95831914468903e-05,0.000773230784835157,0.00150280356847964,0.000523262183900109,0.00208957200073707,0.00241292841801474,2.4352070678308e-05,0.000483427498518379,0.000837267962852338,0.0030991314155611,2.66047751345422e-15
0.00792456503263756,0.00713735784738723,0.00325799913089687,0.0222882797002925,0.0200980791410648,0.00563459190060746,0.0109298192648735,0.0037309764479929,0.00224940338550071,0.00437104657911411,0.0126002982195986,0.024192377866935,0.0116825785687533,0.00469206709271922,0.0269062364416985,0.0159572080629417,0.0172973351679909,0.0358301876256378,0.00806232918706801,0.0184079808727955,0.00300403124530431,0.00406288816713287,0.158197223754361,0.00145334821842921,0.00634457526590403,0.019592012183293,0.0023401320711155,0.0149974842488583,0.0085785238636611,0.00699470202221637,0.00308542880436708,0.00193977138898481,0.00926403524857637,0.00371434840441987,0.00348010313683238,0.00152251618512591,0.00176461230650029,0.000199230951982772,0.00498679360959357,0.00079460749880188,0.00139637989466461,0.0075703630819514,0.0020152865088563,0.00786146879987954,0.0101130600289097,0.00118135934028853,0.00528620099795207,2.66047751345422e-15
0.00178361149348236,0.00113705806036683,0.000383988600634534,0.00194569632211164,0.000913744298404037,0.00185781915098451,0.00285013305282052,0.000843462626504581,0.000498231565703918,0.00093006569636763,0.00224810180638035,0.00234728097047948,0.00124300336995722,0.00145479430250821,0.0114441634714635,0.0011380373879952,0.00873539438671311,0.00586347024924322,0.00210238708819565,0.00255813357620281,0.000869064207734784,0.00161731939692329,0.0051769259570045,0.00857154830643811,0.00901309313067461,0.00387224045431147,0.0238271703876621,0.00543210652251043,0.00520361003616913,0.00228276259714803,0.00330311093860715,0.000795426636885983,0.00241575202888475,0.000968578427563847,0.000997004695177328,0.00468636673672908,0.000470599650228592,7.20843034604109e-05,0.00135392073465995,0.00118713120927917,0.000381334387709719,0.00203898030224902,0.0180144189169212,0.000202209455709137,0.000117755575652102,0.00517786625038641,0.00199925318796332,2.66047751345422e-15
0.00982972277518916,0.03894573699391,0.00623891338699656,0.0153622745093413,0.00662416327704185,0.0115781438997513,0.0179604839017171,0.00775440970413495,0.0168982475922061,0.0199538121278474,0.0147245478076142,0.026142396109962,0.040725525625574,0.044103287347767,0.0238441792217323,0.0268187786481359,0.038180196449405,0.0179853251816852,0.0132484655112323,0.0104049743160038,0.00525731597867336,0.00148035905140567,0.0158328737319516,0.0010826655898151,0.00905571674105208,0.00168305492481211,0.00278822107433794,0.00558834749899344,0.00876494256423454,0.00121733849402684,0.000783054406276989,0.00264828906327163,0.0152231754171574,0.0061036228602014,0.00146419034479783,0.0319799405112676,0.00115606886472349,6.24423279267722e-05,0.00099849061665596,0.00116297832164901,0.000269718756958078,0.000970665464038343,0.000665685637870402,0.00192229133958738,0.00404805472084673,0.00448962466250467,0.00210769409269378,2.66047751345422e-15
0.000536220721563382,0.00154909789825197,0.000273045145527869,0.000690932198954659,0.000323802438230986,0.000462483309437755,0.000994933318831098,0.00037250842377621,0.000634502182907613,0.000829728761556141,0.000622652125968826,0.00103462790493172,0.00157026733090197,0.00165503590914515,0.000937731788975304,0.00105712436572368,0.00147245642389452,0.00071246635550009,0.000733907829691019,0.000502314883091724,0.000255984613371575,0.000522827961440121,0.0053311492066127,0.000562404032595607,0.00176247375440109,0.000648662381666535,0.000205777531524427,0.00059282755036579,0.00109765102523842,0.000186742437675445,0.000142888137350827,0.000368550513235422,0.000843298238723533,0.000338114372776614,0.000706813202316177,0.00166818178177119,0.000464695052856331,1.11537738178396e-05,0.000229693000542781,0.000183384202414082,0.000865950798345198,0.000301159206131106,0.000110517112017157,0.000357849973321016,0.000247355612660167,0.000233573889239513,0.000703081608100582,2.66047751345422e-15
0.00645583677948073,0.00841822758079334,0.00737446959450648,0.0453038932105555,0.0248744381601724,0.00216949667793306,0.00214609371182589,0.000700128392493137,8.68147011549025e-05,0.0135480774264756,0.0436211949493215,0.00196772339712609,0.00553616140617393,0.00182240532947082,0.00777039433897853,0.00219760603496128,0.00147425415281538,0.000693472344880087,0.00158305581745932,0.00285512283468012,0.000104737715367759,0.00511037108058932,0.00217636368263712,0.0033036033749563,0.026569220402511,0.00485414475847387,0.00935936981239273,0.00125921866194589,0.00161915931444615,0.00426234047588842,0.00443421716503449,0.00117054057094655,0.00181901340830024,0.000729320363043374,0.00113431616605681,0.000846346492411379,0.00139564475274985,2.55721245065083e-05,0.00264357139619293,0.00123501112653516,0.000900351870938184,0.00313655084451158,0.00296346945586582,0.00739242310665947,0.00225785783665714,0.0013478164741882,0.00106404787516578,2.66047751345422e-15
0.000168347295912647,0.000347970161690122,8.58785049889766e-05,0.00052503713860222,0.000304441166379376,5.36557789562028e-05,0.000208340340279816,9.19918156051326e-05,1.0999976833383e-05,0.000241305227605372,0.000584042681752451,0.000116819480667836,9.87873706247372e-05,7.23057873169516e-05,0.000175148395029236,9.84836215028522e-05,7.31545674837043e-05,4.36751933767142e-05,0.000153681260922578,7.39019785480495e-05,7.9923602366974e-06,0.000439787303576866,1.85048473178528e-05,5.42803894931587e-05,0.000279009125626064,1.65733637433387e-05,0.000101672124749813,0.0348327343280783,0.000316202379274044,0.000735098675776029,0.000305221774020061,2.58767459748213e-05,0.000176587755870357,7.08015925735971e-05,4.05190095320202e-05,3.24833331342433e-07,2.78726929971423e-05,1.65298075986163e-08,4.10053339976089e-05,3.49531929697094e-07,7.8092746165153e-06,9.48142178073368e-05,4.97104098967352e-05,1.83451787415896e-05,2.68937540455539e-06,2.00256877317942e-05,6.69299685486458e-05,2.66047751345422e-15
0.00108954645182528,0.00348635516507113,0.000786600745191417,0.00162766738414161,0.00169369322424247,0.00118031469484439,0.0016109008112407,0.00139230177880041,0.00121992348095591,0.00235668682912423,0.00269146852756833,0.00266758568530783,0.00337301673200215,0.00325380394974904,0.00255365132624132,0.00255780495911152,0.00314787548571658,0.00151921652146429,0.00118827332028054,0.00118936645917718,0.000410915520530676,0.000556938911014629,0.00155712821649179,0.000791405457546339,0.00245695730235564,0.00084910781638065,0.000537703645337896,0.00122573965578652,0.00716213558810205,0.000959442055025298,0.000986716597785202,0.000629143759271645,0.0013653878015399,0.000547442433667709,0.000915068916172831,0.00263552154089859,0.000688116373403886,2.3569330416842e-05,0.000980749076431983,0.000459449536105607,0.000914598323813439,0.000517549162108178,0.000377143489719367,0.000497108274835379,0.000609256041860136,0.000518883959447872,0.000613513424312764,2.66047751345422e-15
0.000226763970052472,0.00100640285780339,0.000497527397364353,0.000637709628950149,0.00136925029759272,0.000178716942224115,0.000424513740184677,0.000606697063703773,7.1634810275613e-05,0.00167683853417887,0.00103080623317652,0.00024673931803514,0.000524641854406257,0.000640264230007944,0.00308184130789255,0.000441390141668281,0.00023307185894086,0.000356750560705386,0.000313140541015336,0.000222011266459803,2.15382035908704e-05,0.00433491997881601,0.000249831144426608,0.00381454437595243,0.0368508800792693,0.00369248916480944,0.0776888702152707,0.120156427183268,0.0492978103738362,0.115039054641797,0.0041571733547175,0.000742533955543109,0.000359814756060503,0.00014426514247832,0.00454290181227659,0.00376120109875604,0.00127887470128595,6.9031987829286e-05,0.00577959498443263,0.000654084770307463,0.000537155964329286,0.0028089445796521,0.00550627672090324,8.83599017224426e-05,1.48513763454564e-05,4.0969631288834e-05,0.00229720561734616,2.66047751345422e-15
1.85617064823048e-05,9.07516228114351e-06,4.35702550666703e-07,9.74599113546332e-06,1.46516311967085e-06,6.8209624105375e-07,3.75633727672925e-05,9.27157430166578e-07,2.25464495201749e-07,2.93040147984599e-06,2.16518695551886e-06,3.73842448976202e-06,1.379130381296e-06,7.60489563577938e-07,3.31070801976105e-06,2.51636814373328e-06,1.71649590029011e-06,2.35407437911525e-06,2.77084432310567e-05,3.53631039634235e-06,1.3322943236043e-06,8.59723585475272e-05,3.78061957380481e-05,0.000113774221769023,0.00116643116591447,0.00034002304459162,0.000268958979206593,0.000295733708817913,0.000349934944938045,0.000179118730053408,0.00503051401058967,0.000340908280509986,3.18384413262883e-05,1.27653944060379e-05,0.000892533176404523,0.000349558508817024,0.00153337158156075,3.59217249262459e-06,0.00146208578967247,0.000141528713905448,0.000141859857738882,0.000306739373387044,0.000330554020624406,5.36682476188406e-05,7.31805654864518e-06,3.61059395497041e-06,0.000347747026156085,2.66047751345422e-15
0.000794774540118549,0.00132545752191115,0.00267468064050681,0.00266072837542391,0.00462653532266315,0.00196412995356776,0.000498308873541466,0.004023397936194,0.000340769577101667,0.00323127809669791,0.00295231862395766,0.00247037298738698,0.00243275709755847,0.000588023779088204,0.00171072616160937,0.00198719712061222,0.00300270419171211,0.00146298832520682,0.00036757517008904,0.00627078584455638,0.0019423026236599,0.00425444325424746,0.000292563339552063,0.000162710575878767,0.000455317509832937,0.00146520314638396,0.0009172671328096,0.00143575738217443,0.00159488523181365,0.000670306733043428,0.000308179936216935,0.000865880149172302,0.000422362973924249,0.000169343401248678,0.000330066346153817,0.000334094882960135,0.00139707529434113,8.83313349106044e-06,0.00288643353834485,0.000237474211373087,0.000497901922662634,0.00305881088813334,0.00171959589476208,0.00129289073199885,0.00031304289268461,0.00170704492772682,0.00265643462165511,2.66047751345422e-15
0.0588568539110055,0.0315598613728955,0.00216780296251608,0.0328407261465327,0.00617504986020264,0.00348992980378784,0.118870582739829,0.00410938820799084,0.00268004005451319,0.0120574380845307,0.00818950876426758,0.0138061422224588,0.00789986394785191,0.0056744406948299,0.0130467907197789,0.0106234806285389,0.00856362429279253,0.0091739521309789,0.0876843198850647,0.0124543532353155,0.0047581072209483,0.0034681961339151,0.00703324404595759,0.00168728744304733,0.003799774858409,0.00215374906067661,0.00883722136000592,0.017169637519751,0.0311048358280518,0.00219494493377672,0.00190547942319266,0.00430386014172833,0.100753840647642,0.0403965288567154,0.00202150577833872,0.00331594330417717,0.00169863149088571,0.000109429214307906,0.00265689052024116,0.00138618938274199,0.00100957142960285,0.00216599162178269,0.00101880241982541,0.00192772894358358,0.00253687186982439,0.0122018243043023,0.00470957831477725,2.66047751345422e-15
0.00131292376328754,0.000698125001136274,4.66956919696044e-05,0.000728485782333623,0.000134515466776623,7.50454566316858e-05,0.00265215732783318,8.91968247455182e-05,5.56307883278354e-05,0.000263121520025387,0.000179885862011139,0.000303849076864619,0.000168769296501215,0.000119684121708073,0.000285648730884265,0.000231390086191693,0.000184433839376656,0.000201031187607535,0.00195635123643861,0.000275197053122578,0.000105011781172529,7.61257150219093e-05,0.000150327352584651,3.56041986106343e-05,8.02134065048964e-05,4.53918680908197e-05,0.000194477944383533,0.00037793929313907,0.000689812929508812,4.59250117983519e-05,4.04130866698318e-05,9.34712004784349e-05,0.00224794924549021,0.000901299106616259,4.13713473017783e-05,6.7353595717675e-05,3.48750996476768e-05,2.2297511170817e-06,5.50121658334753e-05,2.84145887612554e-05,2.09785789087896e-05,4.55421712338336e-05,2.10823822619831e-05,4.0584852595834e-05,5.4478167721435e-05,0.000270595356051368,0.000102245218884795,2.66047751345422e-15
0.00120253220861961,0.00240687643478836,0.00126986700588863,0.00172035486975885,0.00213958449184783,0.00102118538640152,0.00178735337687162,0.00295862246821054,0.000498137258793819,0.00255652225665734,0.0023182323145411,0.0013009070962997,0.00208728469820168,0.000810461303246806,0.00108710278829248,0.00176856247848027,0.00160498901859479,0.00117262302848481,0.00131843271592501,0.00277675138846891,0.00173483884675206,0.00355539342242622,0.00120504287186515,0.000553979666980187,0.00614183866354803,0.00191918057323365,0.0030091163602538,0.0030133316603816,0.00349892593423405,0.00342283797574554,0.00404479748214532,0.00110787298952357,0.00151494771173532,0.000607407405614994,0.022009078326405,0.0029687267337406,0.00470607550234395,0.000232568821765275,0.0115465829847986,0.000361902855200025,0.00402298119021604,0.00303938936311611,0.00196743701417257,0.004902288801408,0.00127314695762376,0.000184165532444208,0.00198839353192188,2.66047751345422e-15
0.00305682353092501,0.0126654261805753,0.00215519530019723,0.00472819277549533,0.00324664086257812,0.0108809985167032,0.00545255414808571,0.00451556142410379,0.00618006719878564,0.00588183207459646,0.0034953157041136,0.00488221774396657,0.00801323949568321,0.00820286627816092,0.00677665392406683,0.00595087395281872,0.00786881787005681,0.00387251710309185,0.00402205062927808,0.00408411958986787,0.00156260703963824,0.00491930989255129,0.00824624538641588,0.00580583770052567,0.0145140441796756,0.0107697098519461,0.0222444738736233,0.0327451334322429,0.0318410415397563,0.0219136397890509,0.0195602306824423,0.00926913524821318,0.00462154520569028,0.00185297536117945,0.0223965576176562,0.0296521492102005,0.0249211815810804,0.000456689855325983,0.0415184905448006,0.00597260878834914,0.00606810871370501,0.029774051136702,0.0114218469350094,0.00566701968734647,0.00375868250123297,0.00666183860121685,0.0184406198717994,2.66047751345422e-15
0.00698971205870119,0.0125464900778203,0.0110453494400099,0.0126378121211702,0.0184466928920204,0.00928212782572421,0.00854230235980346,0.0264049239045706,0.00481132854811975,0.0211115295814791,0.0191960911587926,0.00959276514318205,0.0204897935657541,0.00661330896752822,0.00819638747231094,0.0139368431612685,0.0124464479576301,0.00898722804239027,0.00630118869957367,0.0234471535421328,0.014712372481194,0.0298823765552643,0.0142111773786809,0.0131534677985606,0.0302686802778202,0.0236511076263126,0.0184699727245312,0.0314102014172783,0.0186560643012311,0.0264892626803497,0.0100775175453338,0.0182895996184579,0.00724039329904989,0.00290298369728581,0.0144430952884133,0.0142057548369148,0.408761554954127,0.0502631850568637,0.0317842685198477,0.00849219562316983,0.00725486908192104,0.0224586827300721,0.0154262375601419,0.0258785649027253,0.0107230882342658,0.00733281310121065,0.0117614033692611,2.66047751345422e-15
0.00124278267567245,0.000967928772216475,0.00104261418501988,0.00151111593076558,0.00179298290334995,0.000818313492827543,0.00198058798030651,0.00246901997055828,0.000349912050115582,0.00210313988687484,0.00191968805868729,0.00104628423535382,0.00160307816938216,0.000502742907286856,0.000867377107623878,0.00140884659293675,0.00121526744631964,0.0009359182514925,0.00146097130192263,0.00234548733002296,0.0014557408744365,0.00386047069149996,0.00414413263381356,0.0245183780015924,0.0204459355353756,0.0574842325916074,0.016915512837831,0.00674056388537633,0.00558419165114248,0.014222471171841,0.0125530002537598,0.048231541241093,0.00167873195501359,0.000673075521761597,0.0249518324400687,0.00364615715162163,0.00504136554487181,0.00195442162900669,0.0372146337995206,0.00760093400727783,0.00517975365573596,0.0632398258788743,0.0086101246769761,0.0309763752054628,0.0144984887633364,0.00394782321799066,0.017293970690552,2.66047751345422e-15
0.00627112832579195,0.0151755985840438,0.0057628818092031,0.0067373898641516,0.00878508851508393,0.0075759794283613,0.0101316469927198,0.0139679426166859,0.00683939247021044,0.00987095047923173,0.00854462380200999,0.00471643350872617,0.00726221449986162,0.00346426309296638,0.00500601753569733,0.00669694237342932,0.00716183149983571,0.00423374948330168,0.00747356120745701,0.00980936842495655,0.00549636744955986,0.0100477537068339,0.0230526290237574,0.0146730586559126,0.0287927782016052,0.0289720980222083,0.0297568284360907,0.038196437276411,0.0214630630023072,0.031160605958137,0.0238041804002107,0.0322049922162788,0.00858751024075379,0.00344310056091214,0.0269066913476046,0.00671339797982954,0.0230406272455539,0.00430727668380925,0.0446307627632896,0.0200556107214611,0.00871803045449384,0.0390664144398235,0.0230589283939532,0.0449339216803587,0.0166952433392635,0.0112267019792416,0.0255153811625121,2.66047751345422e-15
0.000422567874360631,0.000212673034953416,3.43161721805122e-05,0.000237451725997565,3.77364533331079e-05,0.00113901861636433,0.000853953355316794,0.0026848323009624,0.000991274347274883,0.000131544651006083,7.14725185236419e-05,9.99420041072318e-05,5.59852426019066e-05,0.000216957107773117,0.000251358474394353,0.000160211466186628,4.66140914765376e-05,5.44478921854998e-05,0.000629914630253028,0.000105348147778246,3.12506159056251e-05,7.40739991547396e-05,5.05312062131065e-05,5.19601765777371e-06,6.54265428795011e-05,8.1750225753472e-06,5.43533057234692e-05,0.000105915587029859,0.000209285478413516,9.24055874400685e-06,7.04720498140029e-06,2.23048782673753e-05,0.000723804647870026,0.000290204275652003,7.80441731085816e-06,0.000201498024665433,2.37773776190765e-06,3.46049956809312e-07,2.13586988775758e-05,0.00144516597152508,2.17394840148677e-06,1.15649240647481e-05,3.47621939406809e-06,5.4919267043026e-05,1.96377933438256e-05,0.000134528446081435,4.9825235181961e-05,2.66047751345422e-15
9.45956905563235e-05,0.00142421901059118,0.000176780623822093,7.46228123381017e-05,0.000210991776338422,0.00214261042293646,0.000131649801435558,0.000539607236741805,0.000625432884100523,0.000190590541559303,0.00014398208378962,3.29724164026243e-05,9.67954665857128e-05,2.01992409016873e-05,0.000133931447706842,0.000116989089881977,0.000205899846039855,5.44813579495155e-05,9.71108497646225e-05,0.000238257481910386,0.000101404082329373,0.000108991803964162,9.32488025414266e-05,7.81023835943617e-05,0.000839595907261701,0.00066273079522287,3.84632721881459e-05,4.84086798603037e-05,0.00012256950397486,3.95244862805811e-05,2.7799399788067e-05,2.04802198689665e-05,0.000111585413391665,4.47393701628621e-05,5.55132738854985e-05,7.31192529077746e-05,7.38368663432626e-05,5.56055974507672e-06,8.98208329965775e-05,4.17995030664781e-05,3.32175896515224e-05,4.23315697368412e-05,1.81611230441589e-05,3.55027428305519e-05,1.32087584294175e-05,2.93165018965254e-05,0.000133587003136898,2.66047751345422e-15
0.0016842837089262,0.000880919724320389,7.76712405793004e-05,0.000915827038005043,0.000195691965681144,9.43069684101171e-05,0.00338877064665131,0.000305878242487614,5.13927057333079e-05,0.000335660945185609,0.000261547850305874,0.000367374734618166,0.000180259303670093,8.56215661285803e-05,0.000324261828803661,0.000273835946336965,0.000196581060200592,0.000241373796115192,0.00249971054696049,0.000397642381054523,0.000247623539872076,0.00385091172178052,0.000395732637661968,0.00613689397381842,0.0174966563801495,0.00689214010623838,0.000926548377023127,0.00373155705245726,0.00865790295643167,0.00125712649524655,0.000901739422103691,0.00280327785142706,0.00287229733256546,0.0011516269884523,0.00752745218078455,0.00575571954992385,0.00351946736674866,9.10158416951261e-05,0.00154513043175693,0.00125059057680717,0.0103776352552247,0.00232868623807826,0.000531258009486377,0.00273216537067509,0.000333757195813755,0.000325728865918935,0.00204491004904537,2.66047751345422e-15
0.00118735229000356,0.00183818728596834,0.00188069022472812,0.00224256599415507,0.00355705127714253,0.00301465266323077,0.00165368067469972,0.00327259565616042,0.000653631510943997,0.00364031365303517,0.00245256430508004,0.00165336140299774,0.00246872022393029,0.00102406968619372,0.00198273478641768,0.00238858390482431,0.00206600085118869,0.00161148847206655,0.00121982968305525,0.00452514071804618,0.00231421927999778,0.00360564541287363,0.0185809383595852,0.00893540805344767,0.00488175867282853,0.00671778595188619,0.00692120616506209,0.0217050893089881,0.0122517533270047,0.011050954336647,0.00367894613928525,0.00865418850293423,0.00140164770240462,0.000561980580523527,0.0122757413455919,0.00182931643430748,0.0135266638895777,0.00489042252590148,0.00928899616439403,0.0137553655025446,0.000836912105109454,0.00215166484916775,0.00360851862853526,0.00217118905175722,0.00972801007606319,0.00654761218491828,0.00994143720419254,2.66047751345422e-15
3.14040088886024e-05,1.53540012813598e-05,7.37152385156618e-07,1.64889569735793e-05,2.47886657228931e-06,1.15401865384939e-06,6.35523702754693e-05,1.56863050266096e-06,3.81456776307101e-07,4.95786044178426e-06,3.66321639872992e-06,6.3249309078846e-06,2.33331030185312e-06,1.28665002034158e-06,5.6012899387199e-06,4.25736956611044e-06,2.904089143096e-06,3.98278949881186e-06,4.6879103612076e-05,5.98297999249496e-06,2.25406974752095e-06,0.000162634271383723,0.00846936812540653,3.8669470186953e-07,8.7908716072169e-07,4.79626386985891e-07,0.0323577488074694,0.000638420912439537,0.00500792728424939,0.000131307822656437,0.00277546382034676,0.00013327691173214,5.38665264351321e-05,2.15973969385231e-05,2.48866768081086e-05,0.000118821985159121,0.00120586411231674,0.00765566385305033,0.0297616160743394,0.000441271527579256,8.2878690954803e-06,7.51641562717329e-05,0.000416163459066202,0.00633806062505784,1.93873742597127e-06,0.00753021087240167,0.000336518646051633,2.66047751345422e-15
0.000286147688605232,0.000143173534861583,1.98319553230541e-05,0.000158622702886158,2.49457293033964e-05,0.000614379445322193,0.000578433109494766,0.00144601223014205,0.00053351852134735,8.00287510111657e-05,4.53038425520056e-05,6.56100518989084e-05,3.44857554593779e-05,0.000119038102354236,0.000145635816868613,9.4119907922821e-05,3.05206151064811e-05,3.67549551077697e-05,0.00042667843158522,6.78712696707271e-05,2.10346272435637e-05,0.000610667270305536,0.000374424676635309,3.52204028816533e-06,3.68236222230641e-05,5.29862726113239e-06,0.00108196084733676,0.00121283884234374,0.00343231024456776,0.00171408657306906,0.00220298248091896,0.000420520381271173,0.000490275693077999,0.000196572518286776,0.00177646532972979,0.00364412033869208,0.00488593679037697,5.94181719043087e-05,0.0154893215676371,0.0111701874063951,0.00180028291692583,0.00481916729137424,0.000806305258412269,0.0245812858819262,0.0525865392944569,0.0044769962614746,0.00470511925170281,2.66047751345422e-15
0.0110406828370713,0.00594037927144079,0.000412356983514628,0.0061745060703519,0.00116945234826346,0.000664295664541374,0.022296648268151,0.000779352636385972,0.000517005000142888,0.00228187890924136,0.0015458451144908,0.00260400377275231,0.00150750690005549,0.00108813475011054,0.00246589456175452,0.0020120101446569,0.0016290707456921,0.00173331141296412,0.0164470165287938,0.0023452660450993,0.000896425377356821,0.00113706031590882,0.00150963835798683,0.000387457136249385,0.00072840925075478,0.000558904052251984,0.00180045376114089,0.00332919071489892,0.00594198044063223,0.00054060366019013,0.000370598953762886,0.000928189592763735,0.0188984767703431,0.00757720854404964,0.00044231919950891,0.000668171534449206,0.00186140610108792,2.23054331733559e-05,0.000591082907242938,0.000450664731241185,0.000209069676485291,0.0120043634889547,0.00024454912190823,0.001326096563866,0.000483630639865666,0.0433466204527719,0.00364009302364916,2.66047751345422e-15
0.0061999363821798,0.00492298276203026,0.00257145762500258,0.00525783005232631,0.00454772241302306,0.00206503803249055,0.0109921195217658,0.00775473695601219,0.00104709429713617,0.00690055658361062,0.00621122116568626,0.00309352824421874,0.00513038996215993,0.00165380016954107,0.00260823785019025,0.00467737448155275,0.00318855105359934,0.00264727722503634,0.00810828467519933,0.00621819360000914,0.00467312617011411,0.0123555953647152,0.000751604402448847,0.00108414686946839,0.00137017757222469,0.00135522024399211,0.00168697083869825,0.00542345644924045,0.00813663753914587,0.00284865664396082,0.00693836500797588,0.00399564495785237,0.00931684049282229,0.00373552028788609,0.00494842469475002,0.00365324170833105,0.00325100447517635,1.34369220734854e-05,0.00723100528486892,0.00238437031594019,0.0032288407380541,0.011409943495533,0.00510440287331173,0.0111738770354707,0.00926256702474963,0.00279815435857746,0.0861711519724882,2.66047751345422e-15
5.17033773452132e-17,3.12256020048289e-17,1.54636286324664e-15,9.82039946481505e-16,2.74395295873449e-15,6.89424849132733e-16,1.07297414997509e-14,3.60550503385111e-16,4.35309596219172e-17,6.04846935278525e-16,5.5587229196921e-16,1.14550584703755e-15,4.77072837387675e-16,1.01922391049991e-16,9.67978064348593e-16,2.48232818889457e-16,1.3444567056307e-15,5.73164890714083e-14,8.36130821647574e-17,9.00952245452743e-16,1.33652008670573e-16,2.53992505195635e-16,4.00161595264146e-17,3.21736062639964e-16,5.93096130255475e-17,5.24551695621269e-17,1.46668249209067e-16,1.51723931753504e-15,1.21664677680168e-16,3.71347103188147e-16,6.04690364572256e-16,8.3376851065004e-17,8.90809758700081e-17,1.18103336786339e-15,3.55537297428723e-16,1.9208259260911e-17,2.15274336912879e-17,1.57270125282132e-17,1.17484722046496e-16,1.62031579155865e-15,1.7465378925469e-15,2.80207915460716e-16,5.00491649690237e-17,4.49131398325219e-17,6.85496487784988e-17,4.79864648753341e-17,1.1080612275165e-16,2.66047751345422e-15
