0.0583069272426858,0.0265072531759148,0.00200825132925542,0.0262088722956643,0.0061485819960785,0.0025160405083412,0.0946658414179439,0.00639844132266061,0.00350208881560392,0.00961217921959653,0.116571653668024,0.1931144748972,0.00500495705789983,0.00454455761510771,0.00930185815744692,0.00790874865441754,0.00499213640673882,0.00696276536343072,0.069829807408777,0.00959797440812801,0.119273684636843,0.00370270844593433,0.0161239231361043,0.000686932697888426,0.00225925569004919,0.000940335029930614,0.00655086933793719,0.0143550637122087,0.0241459995487605,0.000957039551950362,0.00081904428815245,0.00282502237132246,0.080238080772927,0.0321708812071723,0.000536353629401229,0.00142892724804493,0.000272520741072846,1.85497267980229e-05,0.000614308712593069,0.000410544666118185,0.000317611861538846,0.000803693728814088,0.00024854277734522,0.00127304196255427,0.00194378844126273,0.00914225143380209,0.00304329398246307,2.66047751345422e-15
0.0134815572643319,0.135376912272341,0.00290256353820115,0.00828008506193348,0.00382756045904626,0.00157194763036756,0.0271482840224,0.00688807832527501,0.00332474946110984,0.00568921342346902,0.00236776773044386,0.00402825554504872,0.00208963014928104,0.0024493551440231,0.00354475779070297,0.00270188173721021,0.00248148178314151,0.00222736620530477,0.0200258028227487,0.00336308187368626,0.00135895097391476,0.00103273218854895,0.00274797121553941,0.000472766184140115,0.00464297659320428,0.00830796146718278,0.00257059399300064,0.00522630840802694,0.00819180903534388,0.0012005985782322,0.00150624134195218,0.0192735133549077,0.0230106874515572,0.00922597035134305,0.000905228857154251,0.0016486084027536,0.000311686715248529,1.57449916509632e-05,0.0016974052618259,0.00103546052653773,0.000563753050133339,0.00307514030137137,0.000806470695025325,0.00119639621696579,0.0016008186786461,0.00393878414174492,0.00658255136126016,2.66047751345422e-15
0.000647509536969241,0.000672110226207848,0.108799391598779,0.00145002087623391,0.00307750704600587,0.0010522441444415,0.0011998345740613,0.00154847696818053,0.00088456608974638,0.00210196237088756,0.000772447276017396,0.000348220049720543,0.00032995679437791,0.000862988705658428,0.000468411964872396,0.000338611528569093,0.000492696884313952,0.000245809723584588,0.000885052272701343,0.000632056291336499,0.000101378406113729,0.000410759227284655,0.00609882187178785,0.00180594434309256,0.000846409065492366,0.000938434146278498,0.00030532724196271,0.000223034378596326,0.000596727269394958,0.000110800727845611,0.000329664724972381,0.00145201351683994,0.00101697105227498,0.000407747258947446,0.000144403996532174,0.000920401562089513,0.00023367124901121,4.89977746526199e-06,0.000249619249037917,0.00282789140377842,0.000119331073024361,0.000497857049288988,0.000836412482358516,0.00793371144253995,6.98456135784171e-05,0.00132750481066736,0.00544560623971622,2.66047751345422e-15
0.00123347329944231,0.0010041294832313,0.000338726271058888,0.0641210808647009,0.00111742706902801,0.000199343744992283,0.00245953186040799,0.000226959619774849,0.000162072515135699,0.00423344473812711,0.000884326210247266,0.000403774383443137,0.000683918938685732,0.000350668298576197,0.000452582139344406,0.000395988370753741,0.000394124641954398,0.000248264918542808,0.00181426191608525,0.000342842713192939,0.000109772388665136,9.07302930459337e-05,0.00932028905902937,5.0942455381079e-05,0.000158817185911752,9.86032934611382e-05,0.000200194927499073,0.00033573696404768,0.000626511423723252,6.09977358940433e-05,5.34237534437426e-05,0.000117464273008874,0.00208468113281175,0.000835837959069589,0.00010619901268423,0.000151000672039285,2.81666197670521e-05,4.5554056305015e-06,0.000116490450887021,7.52632220186035e-05,3.59520515022559e-05,7.3492560112858e-05,7.7745781945893e-05,6.02278796234841e-05,0.000716435101240413,0.000267529317354296,0.000249816464115681,2.66047751345422e-15
0.00212531750246597,0.0111755661125033,0.00301701028104065,0.00673645770623174,0.152992149317787,0.0249929193521794,0.00424233272860718,0.00318386992374831,0.000876189275134808,0.00628272684805344,0.00819002339821747,0.00198197195661889,0.00208804375441625,0.00191723377202741,0.003350468157404,0.00170186754513467,0.00170636215257906,0.000545590561343712,0.00312933628255481,0.00244998139433716,0.000276864665570365,0.00054155667398919,0.00218671116133615,0.000266915218675664,0.00141042489772943,0.000568482013383454,0.000879570307629884,0.00055281130254658,0.00121877219610221,0.00032818797528699,0.00026617979388695,0.000390673986700681,0.00359577035440761,0.00144169830696395,0.000280151308228538,0.00068896455212944,0.000828968111644996,2.85079011636108e-06,0.00185162639020843,0.000429899602717699,0.000775638260146973,0.00150413285284279,0.000340917466169136,0.00152550975575356,0.0019274973374902,0.00138518757079352,0.000828618009881256,2.66047751345422e-15
0.00127663968088093,0.00200247831484777,0.000582803237906439,0.00100639344584598,0.00683729033334738,0.0349034285782599,0.00252412098594005,0.0026006263612711,0.00167911407654949,0.00108300345806029,0.00065107524702741,0.000410061001550053,0.000392153026054615,0.00103308513657921,0.000934240227062314,0.000494495708595873,0.000510434163562777,0.000268899916532049,0.00186190584226836,0.000645256878982303,0.000173751729706272,0.000320506526729791,0.00273488115612003,0.000441472488817446,0.0019973731761611,0.00123125643520532,0.000288590451727871,0.000471556595605313,0.000963119368878906,0.000128185903339707,9.90320908838169e-05,0.000307118799004856,0.00213942656745314,0.000857787757940733,0.00056082461085382,0.00140769026951291,0.000416730262980889,1.06958099787048e-05,0.00362892142620955,0.00117347041449162,0.000389611288086971,0.00291557411370655,7.03911845797219e-05,0.00402428998194504,0.00650446489977251,0.00035138760764789,0.000308482570996882,2.66047751345422e-15
0.000781541023774372,0.000843390951334216,0.000774185206671892,0.00188426077564248,0.00108123651313615,0.000520482268100559,0.00139178436122745,0.00512632225231004,0.000931006521078829,0.00215556600158433,0.000970446068437352,0.00211345647827825,0.000393803462605705,0.000788616913280063,0.000371047952870444,0.000381899112356954,0.000529499120065278,0.000271071373869627,0.00102664307330793,0.000622978369985227,0.000876617946550296,0.000128138693479485,0.000472253069696104,4.56657903127128e-05,0.000170452840524264,8.95282102109442e-05,0.000133766422860332,0.000212388194643461,0.000397426270674486,3.65238089709552e-05,3.02787734576946e-05,7.80565934977183e-05,0.0011796662451621,0.000472978715000302,6.21088683164514e-05,0.000196609161285115,2.65652531569038e-05,2.7782805362208e-06,3.60849511320939e-05,0.0001739082252337,4.20015432427536e-05,8.50029857227289e-05,3.26702230704738e-05,8.07606530899339e-05,6.50884159194275e-05,0.000171812857807547,0.000136179908288717,2.66047751345422e-15
0.00731157070977358,0.0127651420224842,0.0200543178043598,0.0436950226724253,0.0279856430181418,0.01159675650897,0.0121013016939517,0.138420736326397,0.0176040879253968,0.0539229815695493,0.0118462150657224,0.0363803059852788,0.00549665897076731,0.0166663429752498,0.00411191990779735,0.00485418195442933,0.00872448905709056,0.00284715231876752,0.00892646727862835,0.0132702181497404,0.0120268610737939,0.0024665482304107,0.00791457505051641,0.000743863479992694,0.00245432392950902,0.00167679337687158,0.00148915723904508,0.00185614044545401,0.00377150393036252,0.000506194405927382,0.0003989449976749,0.000989993532497015,0.0102569747695557,0.00411246031829911,0.00123328717970261,0.00162237300707158,0.000337999533750356,2.50418750356977e-05,0.000427887892420669,0.00343596609455966,0.000820752966465606,0.0017200872309273,0.000583865172517433,0.00149462939107726,0.000989629429098879,0.00137622244716367,0.00260211037674035,2.66047751345422e-15
0.00131678944878893,0.00167269060839339,0.000991258323451888,0.00161057241078262,0.0010891370607386,0.00296852905445169,0.00254179992686226,0.00761558564515854,0.0127726326828782,0.00235647128342716,0.000637094761813478,0.00115454010612012,0.000611788103738466,0.0020031231105474,0.00126857997440882,0.000912663497206584,0.000829556899197072,0.000587136421678675,0.00187494665094401,0.000891025823356009,0.000383538189883643,0.000330028239187208,0.000695071547796607,0.000202279813694584,0.00116718856441506,0.000424518206350187,0.000303617958683708,0.000430703859431917,0.000914506593148884,0.000109319655380905,8.55654345881623e-05,0.000210340402040972,0.00215441116324099,0.000863795688018192,0.000497853565664802,0.00178933478777925,0.000122593350923201,8.01971189472541e-06,0.000167285982372573,0.00255361667123342,0.000239763142921056,0.000322986385404325,6.48058333226539e-05,0.000269676134960123,0.000227921013395318,0.00144112463937064,0.000315642721735686,2.66047751345422e-15
0.00116592158208452,0.00936296580147305,0.00223596117577761,0.00234357478832354,0.00681432027825761,0.00100530900848703,0.00214237772501771,0.00258743479910707,0.0032615759003215,0.133282538837413,0.00228630723029355,0.00122616117775316,0.00277895358061443,0.00576504409450705,0.0130415358534927,0.00611912442197133,0.0108536122276481,0.00209697533278519,0.0015803147401866,0.00440278070746022,0.000280637239908516,0.00066854751495541,0.0313485577385742,0.0016430411491232,0.00222160046095595,0.000846741960799671,0.00384141383171099,0.00106553658240975,0.000739995558415711,0.000683595932923914,0.000412597389367935,0.000182326421786856,0.00181586369442648,0.000728057542426977,0.00295657178542287,0.00075364276757177,0.000131261029129206,1.26107276106004e-05,0.000339652228915069,0.00065062834395855,0.000128500627514815,0.000336214084994069,0.000324428669343158,0.00128280141172246,0.000698604943398053,0.00173220470068866,0.000925058466267709,2.66047751345422e-15
0.00106596842895149,0.00100225013565656,0.000570949810644223,0.00088020027971007,0.000513841093350557,0.000426434713990212,0.00125368008859957,0.000882346467461164,0.000466006981162029,0.00304204559875983,0.0338417005805874,0.000793034064184032,0.00103387974502107,0.000622129480144445,0.00145418777834421,0.000721939630986292,0.000571797255199844,0.000438451218703126,0.000924771111205614,0.000355140486329822,0.000361206580516576,0.000271855239077903,0.0165278896533437,0.000174277352768827,0.000490725866152864,0.000149625815537838,0.000311593775269248,0.000208158553057662,0.000452093009091217,9.3817585865744e-05,6.2801002820075e-05,0.000101976536240082,0.00106261012312028,0.000426045885348148,0.000190130935622013,0.000337530413879489,3.45115138122433e-05,3.85248050011622e-06,4.23469699553337e-05,0.000191399634434282,5.37977787481531e-05,9.2674856847509e-05,4.45098228544209e-05,0.000228175633462446,6.39181808837886e-05,0.000162208989227528,0.00021013767539678,2.66047751345422e-15
0.00195359882043886,0.00342734347242486,0.000926077530901545,0.0087173715302896,0.00205717450219558,0.000842359354668602,0.00354598135683426,0.00165423304136658,0.000867671138181667,0.0339435510590068,0.018426075390788,0.0468925638030212,0.145966176030894,0.00578534672543868,0.0357542130935108,0.0514551633608701,0.123081915835489,0.014537184765922,0.00261567641344884,0.00477742923410481,0.000800312516719296,0.000428639489808415,0.00688133801384403,9.48321009836883e-05,0.000374454563120244,0.000279924751725277,0.000530803712466906,0.000524200375534056,0.000946280305835491,6.33994689277529e-05,0.000170178799963015,0.00012697874850746,0.00300554784665331,0.00120505274294034,0.000427928779696177,0.000348133497742552,4.06494059312017e-05,2.25225762791606e-06,5.56058240715791e-05,0.000257365474542751,5.798259287339e-05,7.52371172378218e-05,6.84534791055252e-05,0.00169756238474606,9.91101368308519e-05,0.000369126506982999,0.000166506541337418,2.66047751345422e-15
0.00206280482619033,0.00301334758537931,0.00114845420275409,0.00577649336357289,0.00289263829614513,0.0013023260962552,0.00310446357279803,0.00249868372548383,0.00155403834313905,0.0220826987134699,0.00445236760343246,0.00610005731667615,0.0196320379582,0.00533999354592234,0.025372323218675,0.0228228404554081,0.0125097636567304,0.0152263530573775,0.00228999279013834,0.00927132450901466,0.000677662302692927,0.000307786916935219,0.0212450436358659,0.000395185811533749,0.000802116927690824,0.000412426002025513,0.000545771572947082,0.00089745529308177,0.000981967963267534,0.00014368284415873,0.000121090294217984,0.000168632949623252,0.00263132072666277,0.00105500912543155,0.000418499899176221,0.000812893560908676,9.73745326619207e-05,7.78213557710985e-06,0.000102821365724158,0.000745280714404128,0.000164235760325005,0.000155582815343161,0.000138937247720361,0.000181480882704658,0.0010076915076318,0.000415378718620176,0.000216393320830823,2.66047751345422e-15
0.00494786570404894,0.00447659971115048,0.000998377802044495,0.00368149039276201,0.00122139564034293,0.00715484164576883,0.00967131176338044,0.0119173167807617,0.00590016097151519,0.00288682087028925,0.00143200391967826,0.00154075486897549,0.00155336110743791,0.253798838863159,0.107571545485154,0.00756995760340953,0.0239121597700186,0.00829905820962059,0.00713399723664614,0.0473107680595615,0.000562115560103984,0.00114699774048893,0.0117643592300084,0.00115754346656835,0.00382227250723162,0.00172784053163505,0.0022912907604495,0.00196768453632911,0.00420832483070858,0.00116123610042967,0.000823045870730489,0.00089384107677363,0.00819733397806652,0.00328666213444785,0.0959223942668343,0.00735761791511085,0.000875690791925646,7.49979408306813e-05,0.00109222764227963,0.00619834024534422,0.00104761602402778,0.00715276380138186,0.00103763844686881,0.0031734617070196,0.00663934724374581,0.00181350270483593,0.00247236485977221,2.66047751345422e-15
0.00100467187834423,0.00247827515161795,0.000423030645912502,0.00139727396999054,0.00230934490634936,0.00102676763362085,0.00184618677963433,0.00232076494252357,0.00141613844116079,0.00226739025591201,0.00126330721343369,0.0010446234210275,0.00258649353013615,0.018684266331249,0.139141735569793,0.0100214118866554,0.0311022841618442,0.00280412775949878,0.00136183091698602,0.0088752777022658,0.000154406106215724,0.000445471915647442,0.0350620612234615,0.000346664399482084,0.00111633735023672,0.00111846059685807,0.00411108187246752,0.000591891054552306,0.000980214012138351,0.000255080233501364,0.000444233563578341,0.000127482919810337,0.00156481450465124,0.000627401117351838,0.00468207268754383,0.00172575041725804,0.000139935727284253,2.77338143625069e-05,0.000281050219885578,0.00108778791925196,0.000190726497277283,0.000399886514522641,0.00341283993168441,0.000569563932299166,0.000188331126932545,0.000251592270860065,0.000928147426539088,2.66047751345422e-15
0.00427342233506041,0.00507283583029819,0.00283099573922686,0.0121784667615957,0.00629572964830873,0.00402640487938113,0.00396017360968436,0.00713979547132823,0.00386958990414698,0.0194033110692884,0.0117726042562086,0.0150162535513768,0.0280638621086837,0.048341910367845,0.021876537779177,0.075130657094848,0.0500888911571121,0.0859032511023294,0.00292120319011019,0.0337318748213598,0.00167505001209748,0.000474883824174975,0.027849672611834,0.00185998499313791,0.00194358588503559,0.000696998755660197,0.00111759565825956,0.000849773850078907,0.00137612666980956,0.0002682814672004,0.000358492774136919,0.00031020532125865,0.00335661422113049,0.00134581041210757,0.001322614549909,0.0017402896559848,0.000221366129705747,1.27766931663284e-05,0.000366187274049082,0.00252325678919295,0.000406192314135159,0.00154538178635374,0.000813763787341753,0.000462563681395621,0.00034132369906063,0.000560582697988043,0.00050928992529908,2.66047751345422e-15
0.00225827010818521,0.00200057644564278,0.000841915834068752,0.00227743887277622,0.00116853498735532,0.00323837658221434,0.00436569405529991,0.00632060964827869,0.00273345827807806,0.00326132706058333,0.00122553574592542,0.00153872058453,0.00291725279854215,0.00606698643428956,0.029834702977119,0.00471912894163741,0.0245125310598195,0.00336549706181766,0.00322033354412853,0.00372726016122795,0.000273422561388034,0.0004463720824135,0.0038985457975419,0.00859965151013252,0.00208617906718255,0.00102200290385313,0.00562905516436738,0.000842697612702742,0.0015714528507409,0.000628338811548229,0.00148444974374152,0.000327460805731868,0.00370033060115826,0.00148362093172671,0.0013940668156739,0.00158102277973473,0.00035574270171762,2.92415576664316e-05,0.000819877461404398,0.00330142292331128,0.000565789429604475,0.000963186217569122,0.0062840878244643,0.00067795650324943,0.00017911230230731,0.000585155606972014,0.000695248634128383,2.66047751345422e-15
0.00264382566525367,0.00186593177915969,0.000748833531769904,0.00146946954785384,0.000613434612351058,0.00286278607464064,0.0034252579325458,0.0046443208653105,0.00217592236031396,0.00233582682506529,0.000900451539311484,0.00128619064114064,0.00272998620441187,0.00166658432483154,0.00232096427041037,0.00195907417630857,0.0176967059130877,0.0806176154204204,0.00252662536711437,0.0010058222996865,0.000226251218201577,0.00054086869270818,0.00156592258363991,0.000289804620263831,0.00116161898756805,0.000573764887445087,0.000377817806289929,0.000603854221938765,0.0047668345243778,0.000165667079402243,0.000138153427219993,0.000235788143670977,0.00290322373673503,0.00116402676977033,0.000592297831119491,0.000898154706518202,0.000174237145594756,1.1258054056413e-05,0.000213544702486828,0.00227383367074599,0.000328994673610956,0.000250457568246322,0.000104165545793907,0.000778052047454705,0.000119786402112142,0.000456610578478762,0.000387108486332414,2.66047751345422e-15
0.01550906812572,0.00845238824637725,0.00114839217878906,0.00925534500729624,0.00172716728281831,0.00182544432924579,0.031296660084007,0.00266442860031245,0.00194641374661641,0.00361559526968133,0.00220337000508312,0.00358900529639024,0.00197296108738427,0.00224174966097456,0.00392534127766075,0.00291246466549438,0.0024702533629603,0.00284180077625428,0.0230858333512045,0.00343786998426912,0.00122219283581352,0.00089093754240994,0.00182148171412513,0.00032935541096118,0.00127251452484489,0.000506705328939881,0.00212743008169071,0.00397493279900018,0.00791032635980513,0.000268163283899398,0.00029479282885144,0.00091317248420774,0.026526822829849,0.0106357391300336,0.000466219357981343,0.0015354183937129,0.000155839324716606,8.4920991267825e-06,0.000279078551509801,0.000711822894992367,0.000214718077867706,0.000337015595952128,0.000117332382132405,0.000369889663647424,0.000493148518566775,0.00308004482496216,0.00102882417351854,2.66047751345422e-15
0.000119448185252785,0.000141862631105752,6.4391434684925e-05,0.0001237652763631,6.97843481460389e-05,0.000206030516881284,0.000216022264935988,0.000447778024886175,0.000278496791832004,0.000174720593751334,8.91011170328415e-05,0.000110678710991296,0.00016674242828365,0.000543344831651681,0.000725401028582472,0.000341057185059036,0.000362803843966361,0.000448860288180953,0.000159347799869923,0.000222279970529742,2.62685725827259e-05,4.29106780098951e-05,0.000275653537652793,5.3595237266881e-05,0.000169219002303275,5.69086857378279e-05,5.44745387482611e-05,6.193092029011e-05,0.000133421743630341,2.33488398573122e-05,2.0572381022984e-05,3.29133786550621e-05,0.000183098900768675,7.34121907210151e-05,0.000169751066255472,0.000217511529283047,3.16511033675983e-05,1.47998924507564e-06,3.52221403332462e-05,0.000212330254040007,6.26853202078205e-05,4.0979139904828e-05,2.93637609205314e-05,4.10905276075815e-05,2.11417612079538e-05,3.43344773838268e-05,3.82251418016301e-05,2.66047751345422e-15
0.000215271408926217,0.000307231039766231,0.000105554496711163,0.000193277148930467,0.000115154292712153,0.000219220543519733,0.000378390384114297,0.000406705322151355,0.000647862874321627,0.000177836632080223,0.000273295806790218,0.000367310724861444,0.00016275879229347,0.000443716870739214,0.000921360474749489,0.000218350347530228,0.000327945809258071,0.000131379216098776,0.000279117877371101,0.000169055184468152,0.000192352272384122,0.000120541985327782,0.000317170544999847,0.000142419566553621,0.000597232049463462,0.000184139718888636,0.000124194084569875,0.000158331241427643,0.000320179912847041,7.02362028413094e-05,5.32047190538721e-05,0.000101564441761188,0.00032072093017004,0.000128590758188631,0.000273804251950828,0.000754719932060773,0.000106299574528909,5.13420188824403e-06,0.000109718372619511,0.000126555182347604,0.000223329031032739,9.81341489801433e-05,5.3675301947117e-05,0.000110381099535204,3.65235057876464e-05,5.43074556969192e-05,9.2224655923719e-05,2.66047751345422e-15
0.000166927904871091,0.000256307379354991,0.000150212760454688,0.000150989552595637,0.000128865947734542,0.000202510220633177,0.000289709547903703,0.0003583609226659,0.000774912403212728,0.0002053192629628,0.000259687842259725,0.000382847015701112,0.000421282279481503,0.000274297319162382,0.000278407946937083,0.000228624521370745,0.000393237743171649,9.5556774279509e-05,0.000213702868891885,9.28933113070498e-05,0.00015057027737074,6.31927418173222e-05,0.000124333963711766,5.90277174149706e-05,0.000407545353907422,8.10223538533893e-05,7.58455891287028e-05,0.000297933937436495,0.000189014948418612,3.60442478304463e-05,2.24618109658233e-05,5.0862040550263e-05,0.000245555698066871,9.84537947718881e-05,8.46135088657029e-05,0.000811527514680034,3.86426618403579e-05,1.97594442251003e-06,4.46246262523594e-05,5.44672076316644e-05,8.64501829320975e-05,3.60433210043711e-05,1.52496979237438e-05,5.29873203357481e-05,1.71008767991562e-05,3.54247726071004e-05,4.55673549731177e-05,2.66047751345422e-15
0.00032460992605495,0.000416409666200887,0.000124873351635662,0.000324873450458618,0.00015169077099073,0.000461905292295198,0.000530895235247458,0.000764976255987219,0.00170821684753763,0.000535420105313456,0.000719007976746062,0.000700949540966955,0.000279124433240773,0.000637904511268792,0.000514441034116419,0.000430380008231838,0.000354961469052212,0.000323785603695679,0.000391612342573384,0.000248690499918054,0.000378886281444279,9.0796791450301e-05,0.000474899062719734,5.59916345895759e-05,0.000674863357118503,9.2223145019439e-05,0.000171431220039035,0.000131471385604441,0.000300424956171711,7.02619637714964e-05,4.23337147967404e-05,6.37829782642638e-05,0.000449982923808339,0.000180417428505151,0.000121416009533483,0.00171558596985651,4.93368921706075e-05,3.49276311080905e-06,0.000113439780518082,0.000135366687467654,6.26675458098038e-05,7.7663836753424e-05,3.41983672930638e-05,7.58920348940701e-05,4.04890243425767e-05,7.12097106922623e-05,7.29562513814108e-05,2.66047751345422e-15
0.00120201215118519,0.00359009309337564,0.00524607519068968,0.00163044206762741,0.00333206621863266,0.00107470776082304,0.00226566344158384,0.00189821657211525,0.00208207876147326,0.00228600964526984,0.00140697271274685,0.0013948976528872,0.00172042086375967,0.00253631909151481,0.00290498020947985,0.00149845233309241,0.00219056849337922,0.00101253973881512,0.00167125583035113,0.00107897565254337,0.000440328327203225,0.000264306676257906,0.00173560192986689,0.000346836670743808,0.00122442551948268,0.000466841788639764,0.000436205386519995,0.000458322052807137,0.000927568829928049,0.000162137149906955,0.000271582851631768,0.000571190753383728,0.00192035989599363,0.000769954493638703,0.000826216093002924,0.00202823073187363,0.000335840048012909,8.4766634555816e-05,0.00028173500409749,0.000351993306777245,0.000259777321711082,0.000276860063670692,0.000208897156509797,0.000568462617268722,0.000163628498336062,0.000354148468833188,0.000578598332779769,2.66047751345422e-15
0.0382215076973687,0.130720739637984,0.0692916117529386,0.0542020611438779,0.0493575795828846,0.036236233592251,0.069341978145076,0.0364275836794311,0.0522644206415969,0.0719670761812293,0.0588057338678178,0.0940830457179031,0.119847338375524,0.131247564198866,0.0869651020459767,0.0809053234519544,0.117411963148429,0.0540829121982931,0.0511497794039586,0.0360040544715773,0.0265599914164043,0.00555879434866801,0.0541578411476442,0.00465906128970821,0.0297191750112905,0.00764493469746814,0.00975221673681614,0.0156795357122583,0.0287997880020412,0.00289910724561514,0.00394303104302465,0.0111882195306844,0.0587737539616873,0.0235649159544905,0.0103390460449584,0.0866984411510735,0.0039177105654619,0.00042221416770731,0.00342349573868134,0.0041347909634133,0.00276234027156874,0.00462045546164017,0.00306954726576952,0.0100445135557459,0.0102075423487199,0.0138397889794782,0.00951862454930249,2.66047751345422e-15
0.00198029201442746,0.00644314535975411,0.00699152510236165,0.00269476892877333,0.00466237383205377,0.00312871525555648,0.00366552986260928,0.00376689591971975,0.00517961362802817,0.00372116687122667,0.00231421445000418,0.0023617019398775,0.00300691733131017,0.0045432525941925,0.00434246594573256,0.00258121809465058,0.0036653768086102,0.0017110967492369,0.00270386062321195,0.00193469321763204,0.000759047176485593,0.000591174348578815,0.00261607603928812,0.000588447762060482,0.00305488802401907,0.00114896745971923,0.000793345261977496,0.000830987901193136,0.00174632305007145,0.000317050981062197,0.000486827096849038,0.000886808772124963,0.00310687648250925,0.00124567979602251,0.00129624404404309,0.00509820486466697,0.000488058046327501,5.46439882779325e-05,0.000587118283583585,0.000483931295089756,0.000507035435093026,0.000516002429459811,0.000336701092474378,0.000869088715589952,0.000306292701158403,0.000610605509486988,0.000955805663439941,2.66047751345422e-15
0.00513761575026744,0.00520794284911347,0.00342304592830152,0.0173791694093217,0.00975039021223028,0.00157875097804616,0.00482336299286036,0.00207559942666294,0.00204107992171031,0.00614983835957908,0.0237995750041686,0.0146676527738919,0.00251612326664499,0.00228873019380362,0.00408293359884835,0.00159446169825002,0.00135705410616043,0.00115615889428123,0.00355793170138129,0.00184139151352248,0.00864031267008736,0.00206457534197603,0.00232655686839092,0.00125436496034219,0.0100729514176776,0.00190279881191691,0.00370976142295859,0.00158780452300462,0.00180967504822608,0.00161025311677401,0.00170071641053786,0.000667859101549984,0.00408824765824649,0.00163915394771559,0.000784606458032525,0.00198872205621712,0.000570427023371185,2.20625090215657e-05,0.00106790731339195,0.000596334117449397,0.000361284788876843,0.00121706865103458,0.00110652137479098,0.00276013043590367,0.000945925444464107,0.00090403615732216,0.000635095295191343,2.66047751345422e-15
0.000507872625470499,0.0010360156632982,0.000299802628663074,0.00141250813704302,0.000855936394021574,0.000269509692912855,0.00067230479006318,0.000453914145376631,0.000640644169349625,0.000698977091968257,0.00155178352316715,0.000342034060512137,0.000304353165245558,0.000410419937964505,0.000568136943497606,0.000326029121842038,0.000260915508718216,0.0001596864247909,0.000495922442182125,0.000254075014980972,3.45640820469813e-05,0.00114919659728817,9.94522609579638e-05,0.000146406289115778,0.000929565923281308,6.10632859555734e-05,0.00030867227476226,0.0891892109593576,0.000891012975857483,0.00189741413503662,0.000817642156531065,8.51263469730791e-05,0.000569840644462009,0.000228473510948323,0.000137404364755576,0.000621849632752146,8.59263692474145e-05,4.83778628362037e-07,0.000137893796206755,7.8489715888061e-06,2.33152595214201e-05,0.000256512725414433,0.00013769635599892,6.34373453395689e-05,1.58407149469997e-05,6.99646174695354e-05,0.000191781878862504,2.66047751345422e-15
0.00525098320326265,0.0170254080290223,0.00612898888438251,0.000718732012290029,0.021580198502932,0.00821703700149285,0.00270127231857364,0.019550848719094,0.00325928535214773,0.0190003300142892,0.0280825957462205,0.0201195670082707,0.0134094467618163,0.00709871681276388,0.019602736730989,0.0164323776961607,0.0130303304506711,0.00656263934736402,0.00199258075616175,0.00867641869783019,0.00019426917123673,0.00111677536913245,0.000505248836062057,0.000850371354998439,0.00298786514636729,0.000690766639860448,0.00162146691225099,0.00394307253534198,0.132396763854749,0.0130090056270953,0.0177151706257516,0.0016986519000994,0.00228957874619648,0.000917990202868827,0.000261283599684236,0.00189567265139361,0.00401269424033041,2.59671484455115e-05,0.0147490436689659,0.00091094784702919,0.00108989937483985,0.00500245639299841,0.00486040510770374,0.000967724871249003,0.00277138989542294,0.00157076118135073,0.00310536128144757,2.66047751345422e-15
0.000339007882282784,0.000659325570059717,0.000299262205502229,0.000779840001099579,0.000692567604446887,0.000510760567741622,0.000451293655113382,0.0010132022222334,0.00119028067780703,0.000592597496343337,0.000904776959946269,0.000362860977231654,0.000295504840148611,0.000572155178541007,0.000527574174849659,0.000340124179485348,0.0002977187491007,0.000208164296782487,0.00033289462139213,0.000268668225064598,6.0692655398296e-05,0.000154455314168949,0.000160471093065858,8.67019507343927e-05,0.000822970625176991,0.000152329248811697,0.000243556161053413,0.00204761128601087,0.00141443158338422,0.000255506190233951,0.000426873859184378,9.56967695534574e-05,0.000382513213909421,0.000153365928654189,0.000157773338826762,0.00113071594267559,0.000155682745339041,2.90679412873955e-06,0.000291166731325038,0.000178867794874485,6.35188838569487e-05,0.000146113214181805,0.000113413915149563,0.000143618653429372,7.58149232434306e-05,8.53770907495961e-05,0.000115949278162805,2.66047751345422e-15
0.000123976350830648,0.000125879334210723,2.34565787693705e-05,0.000102319441068096,5.59201249799441e-05,0.000107697550474025,0.000231466050623717,0.000116580699051584,0.000188248098200153,5.76400975505079e-05,7.97473247912377e-05,4.31526583848348e-05,3.8083071225592e-05,5.82402910657997e-05,5.48238708254709e-05,4.59972469884442e-05,3.59108344699214e-05,2.77575244990208e-05,0.000170739842427001,4.85996184595428e-05,1.69178928958324e-05,0.000422952041988514,0.000184212415167149,0.000544634721386669,0.00527866063812576,0.00155158701513535,0.00119866152633076,0.00150347878557055,0.00168480149943554,0.000816696001568486,0.0217721201427827,0.00150660610542622,0.000196188950914496,7.86605485098132e-05,0.00394125292731027,0.00173271278679137,0.00671296746295965,4.93581088721916e-05,0.00637506138364627,0.00064261938680831,0.000695833923737346,0.00136451652596872,0.0014485017459407,0.000271075928692133,4.28840300828794e-05,2.73127813837617e-05,0.00153569101238936,2.66047751345422e-15
0.000833527144963816,0.00185572151219645,0.00240738706559291,0.00243395346960227,0.00413654695665483,0.00192329454142212,0.000687501261781476,0.00386339014771414,0.00115894392250453,0.00291879235363003,0.00266990250223494,0.00223067130069876,0.00220107423057293,0.000739930049210253,0.0015880008297765,0.00182645065210525,0.00270583481192107,0.00132281147279506,0.00050713204241739,0.00559726700493221,0.00173263518874748,0.00378445529532047,0.000296366173706123,0.000141980570459478,0.000682873469145246,0.00133698852811826,0.000876552688493947,0.0013123000483993,0.0015230830594258,0.0006174480564861,0.000285658064289096,0.000854435349664267,0.000582721099849335,0.000233637833944755,0.000303471957119879,0.00115524644837089,0.0012394247712478,8.21515696576854e-06,0.00259348715897745,0.000231638052628733,0.000430785961446947,0.00272816450454004,0.0015288887996051,0.00116831171342578,0.000295902290067343,0.00154150300786307,0.00240791978203027,2.66047751345422e-15
0.00767425759136339,0.00732332578933288,0.000743760756129014,0.00418392222633267,0.00127009777908579,0.0104967120563943,0.0153571854523171,0.00676047658281143,0.0038577747881391,0.0018621061492888,0.00135370147808291,0.00167965084074077,0.000959017945245469,0.000919224322393796,0.00208038234959079,0.00159384737977518,0.0013325544752874,0.00114779183574157,0.0113281552738217,0.00212120638494401,0.000820014772843998,0.00104326712644482,0.00112345052910549,0.000777340511233927,0.00387459327115391,0.00236979754550871,0.00128961221156981,0.00240848195824109,0.00473973907000124,0.000442734150967439,0.000378855092076294,0.00074041204033227,0.0130166385319138,0.00521892780688388,0.000869156539852005,0.00155596278389039,0.000612869700350122,3.2376424229596e-05,0.00100311331335532,0.00290997620308084,0.00087392741341152,0.000901267572875105,0.000200110925192659,0.000878226387835296,0.000853721305696855,0.00165450464067321,0.00107704663333496,2.66047751345422e-15
0.00190793338809347,0.002468501927329,0.000265976237449449,0.00106569928493572,0.000398560225920955,0.00330470081538374,0.00377465281479589,0.00293993007969053,0.0022505804424159,0.000590593700068803,0.000440042354866069,0.000457696777576953,0.000341475435428174,0.000519692163850403,0.000667187840393587,0.000555807699014275,0.000477886705989461,0.000359025665953448,0.00278435479126199,0.000668243570252585,0.000252645859910681,0.000390721850486896,0.000315695904116098,0.000314481483220898,0.00181184090924618,0.00096154647497863,0.000372888051941029,0.000641472469509676,0.00134076121163017,0.000149135428366764,0.000109467681479788,0.00023613598613889,0.003199368418886,0.00128276373933613,0.000351871967776408,0.00129511866309027,0.00021458509126742,1.30805083939137e-05,0.000241145385361093,0.00119937273724452,0.000381544442735006,0.000226079247988091,6.35851040637381e-05,0.0002272966814834,0.000100242721639379,0.000429559888354594,0.000363548718850315,2.66047751345422e-15
0.00353071893907113,0.00739618120843241,0.00233150283298943,0.00348227955851551,0.0036586181779841,0.0100344489056534,0.00607678452556912,0.0142104116844151,0.00627877841018254,0.00448641266065193,0.00386871594627576,0.00223806771742185,0.00329537689112524,0.00225704730437782,0.0027771138573399,0.0033191774408219,0.00287032206198984,0.0019840419357133,0.00448251130502585,0.00488927933156638,0.00278988876581862,0.00595469184686386,0.002223831840169,0.00175318950963166,0.0131423399023307,0.00509514514883396,0.00477745218500198,0.00524380622654773,0.00704048462942646,0.00517401130733757,0.00594651427918924,0.00210542275334363,0.00515063846807795,0.0020651114492457,0.0319091854482157,0.00669974121668782,0.00723112516655084,0.000363133035639457,0.0167562664420039,0.00537112409553119,0.00694647791292769,0.00495021228093786,0.00292872185687392,0.00751634247349374,0.00195279841603275,0.000827315156894197,0.00359669099209771,2.66047751345422e-15
0.00847882859089354,0.00734232031280063,0.000862616182264309,0.00481959531262208,0.00132796771066625,0.00734591327027882,0.01690688129282,0.00943996101617153,0.00795532300635094,0.00237043757641116,0.00177531033301172,0.00237377153458999,0.0018975850901225,0.00314720215285608,0.00316547678323311,0.00239468998608993,0.00214082176470158,0.00160485182658526,0.0124712806767905,0.00253753762781091,0.000914427086144225,0.00224585866089963,0.00201158732756266,0.00212819505153126,0.00750347780233307,0.00379109832814839,0.00651812682851701,0.00981317720587548,0.0124433986778698,0.00542508076724846,0.00487265053283037,0.00281784685499578,0.0143301496693615,0.00574557057787115,0.00645862795003222,0.0119204909174057,0.00633196718828063,0.000114898610956285,0.0103137519291423,0.0049735267357352,0.00275267119438656,0.00758753968761134,0.0027723780869617,0.00186953649555227,0.000980843393408219,0.00307065602143044,0.00508834155926778,2.66047751345422e-15
0.00616455634428735,0.0109393544471655,0.0107348504815967,0.00964877348081204,0.0143709963179958,0.0105287740941238,0.00832308789756093,0.0247154767433564,0.0260405988031135,0.0153538987098412,0.0142950295345198,0.00739393298005063,0.0165627464948982,0.0108764262322245,0.00755435647921783,0.0108841993782512,0.0095307378145993,0.00653384715899433,0.00613948619972015,0.0163841473512708,0.0099760972030539,0.0195411092043701,0.00937907558492228,0.00578810849002723,0.0240663907839863,0.0130684246471181,0.011029600269372,0.0140674714878508,0.011380117733748,0.0168312208630906,0.00413107968511357,0.00940460067534295,0.00705458876861432,0.00282848663612612,0.0071598687197113,0.0332120750100306,0.25441152298885,0.0506660060533308,0.0192098003011699,0.00289319968808167,0.00174596914526913,0.0141333703466232,0.00904548509822533,0.0113369893484714,0.00477442517993154,0.00344538542987455,0.00604192186122693,2.66047751345422e-15
8.86935083903647e-05,0.000170150492903225,2.63968936727791e-05,8.92998118770241e-05,3.84862431485213e-05,0.000235619473949581,0.000162801312510352,0.000253797855394756,0.000630268842083315,5.12667901289957e-05,4.87722239876148e-05,3.16919312084148e-05,3.70725590904821e-05,0.000158276943631452,6.00083234997575e-05,5.55958028687519e-05,4.32520845620028e-05,2.48885810575795e-05,0.000120089615875683,5.45075322402274e-05,1.80767861575845e-05,8.09394751194645e-05,3.75597032360606e-05,9.44484479792254e-05,0.000486809950243576,0.00014452293697353,6.1539174916968e-05,0.000131967853447482,0.000197910621384979,4.13913429806122e-05,2.41256180016426e-05,5.5671237362188e-05,0.000137989205966072,5.53257811967315e-05,0.00012020589316305,0.000687693436997358,9.31082311919956e-05,2.81637594006261e-06,5.87974936538717e-05,4.42592820726286e-05,0.000149117393073118,4.92402783682382e-05,1.75993381898402e-05,6.02059895066638e-05,1.57775507631609e-05,2.22131702917645e-05,5.18302775261159e-05,2.66047751345422e-15
0.00284637554240795,0.00460772551577128,0.00124554197239089,0.00212349482447353,0.00187878914166811,0.00490882482017282,0.00507068778533634,0.00758074814122008,0.0074553469179531,0.00228892650714254,0.00252003606153532,0.00214965356758903,0.00156228436489127,0.00216599928334916,0.00179572970432512,0.00183612926378066,0.00165703821528127,0.0011438164001871,0.00374036877514778,0.00233928538855934,0.00175449649741309,0.003414641785237,0.00428265927195401,0.00478434105655939,0.0135119451312727,0.00790121944510619,0.00580088607975794,0.00812039653618147,0.0077786591691951,0.00587398880939841,0.00444279645426745,0.00652379248576925,0.00429787801720726,0.00172320332707717,0.00748606980215331,0.00843827663064498,0.00545560626969982,0.000862764704829321,0.00843988578828381,0.00559658794436957,0.00537247742026911,0.00762133829054473,0.00413678276917086,0.0086839253780765,0.00295065380038384,0.0022684954546294,0.00527279744569408,2.66047751345422e-15
0.024090419006972,0.012226531808976,0.00198799887534011,0.0135675780677516,0.00221934178785314,0.0646063220971103,0.0486618703308086,0.152139776927085,0.0568702571157258,0.00753868443397016,0.00411817961589414,0.00573084390055449,0.00322893376042247,0.0125282478083455,0.0143253329111629,0.00917243402495748,0.00271907546148328,0.00316102328937743,0.0358951982392284,0.00605770475814117,0.0018035506856832,0.00449845879870682,0.00294223663365521,0.000757003865947058,0.00526428748508788,0.00100736196642616,0.00322705146354596,0.00633053538645702,0.012588578987667,0.000666661736588609,0.000500412469718169,0.0014972323844775,0.0412454484977346,0.0165370663779466,0.00104607870609772,0.0126188218366465,0.000432799383580723,2.85247139455328e-05,0.00141107199356807,0.081816677148405,0.000892453045653084,0.000880890397311499,0.000260831432951064,0.00334020147340377,0.00115431215497288,0.00765941075970832,0.00300915602363795,2.66047751345422e-15
0.00445575404698417,0.0630421186904802,0.0078232344102796,0.00344821142870065,0.00935082070606137,0.094689127430841,0.00637083356248796,0.0240103589377314,0.0279438292539585,0.00848444277623073,0.00640626971034062,0.00151956732065365,0.0043087370369339,0.000988195799987414,0.00599486654079422,0.00522628376435543,0.00913199019977658,0.00244757323705447,0.00469941548680263,0.0105861090589887,0.00450072579497798,0.00486681307310955,0.00415908188569312,0.00350627803706358,0.0373219154809088,0.0293331799171772,0.00178071513516157,0.00227083700910848,0.00565398873763088,0.00179190634280171,0.00127305783454468,0.000962017762897227,0.00539987240123217,0.00216504007337647,0.00253706908229211,0.00360446855979085,0.0033200585611931,0.000248387579877082,0.00404014288005119,0.00191050100050942,0.00155332329944616,0.00191964709710229,0.000827474526946625,0.00162330148641638,0.000605931685856608,0.0013589702873731,0.00595307327784263,2.66047751345422e-15
0.0135259471012835,0.00734304324887952,0.000703144884703559,0.00737759442489998,0.00164000172713542,0.00146742859668989,0.0271859724569282,0.00291443052298179,0.00158639878584076,0.00275660796422252,0.00216521601801411,0.00297295049982986,0.00149934411796146,0.000967737214888459,0.00269913548300787,0.0022768496693486,0.00164762743823591,0.00196154140217771,0.0200536042700008,0.0032518859780302,0.00199644335149963,0.0306554390416452,0.00322177716416647,0.0487970279322524,0.139536549681671,0.0548855366946222,0.00745981532721491,0.0297245356945875,0.0689758914035478,0.0100376288219585,0.00719413299035024,0.022311460316989,0.0230426320515331,0.00923877794059525,0.0598676836117064,0.0468809670310744,0.0280102585044872,0.000725339280445109,0.0123858395965264,0.00999955111920421,0.0824929243227911,0.01857037403779,0.0042410175584676,0.021781431117278,0.00271798587564834,0.00262437328333961,0.0163193803817626,2.66047751345422e-15
0.0369133368469511,0.0542419058284333,0.00383654706947308,0.0205801578440429,0.00957259899685808,0.0941602904944287,0.0656144398402786,0.148163880027161,0.478219305873857,0.0142511751385628,0.0215481215079027,0.0106707811933738,0.0123959972533085,0.107410939824798,0.0223375095510531,0.0238506431129146,0.0111473751878857,0.00478525387347524,0.0484001798793159,0.0172685154126307,0.00359965351395327,0.0116908553660913,0.00733240422267064,0.00199168558238916,0.162732021507257,0.00823142494573065,0.0286026697970265,0.00926664984456515,0.0477695865815104,0.00865414964205941,0.00157149616675652,0.00452900290598084,0.0556143207840269,0.0222981629531506,0.00215283554208115,0.487063469142291,0.00148426075436132,4.75841494571537e-05,0.0127874665811883,0.00166171668679321,0.00275231730672953,0.00166807965101991,0.000765429335316058,0.00521482881663104,0.0033186520557996,0.00639014701656015,0.00442068716269508,2.66047751345422e-15
0.00310979951408883,0.00495687969887443,0.000741333422192554,0.00200080243929233,0.0010587351178933,0.010337421614308,0.00596119645209076,0.0130248807029561,0.00974073672649466,0.00142483031894763,0.00131725008262701,0.00101053165241491,0.000762531168508738,0.00200279471349656,0.00172140216788004,0.0013417111329371,0.000936738681416524,0.000583698592901561,0.00439724829278213,0.00146400304040337,0.000666285041797446,0.00132003804820521,0.0010002551851271,0.00102065149431549,0.00583986333959492,0.00249900991565377,0.00198652150684763,0.00161746866185143,0.00312894922601879,0.000609051641750804,0.000704332302186143,0.00071556164416654,0.00505266677951768,0.00202583047876695,0.00121237407743131,0.00633817549981438,0.00302228378168823,0.000271488386007217,0.00188056336921825,0.00581262837009675,0.0012866360235799,0.000916303512673808,0.000288693608430969,0.0011525015354059,0.000383537341882417,0.00110615413404975,0.00100819224787211,2.66047751345422e-15
0.00259570403278359,0.00229703369008493,0.000408723147867788,0.00153914793605201,0.000461701363280174,0.0080277377969348,0.00517108043502552,0.015669279106281,0.00654816934878744,0.000991769051195187,0.000605367220746371,0.000682881765006792,0.000494104743226142,0.00148901809319871,0.00161818937003096,0.00121236912381873,0.000567958718827122,0.000569887651249161,0.00381442300108348,0.000933431400907394,0.000288781471850699,0.000700209861108031,0.000495820108436583,0.000343535730405687,0.00180844047252182,0.000803176791141408,0.000482558343164603,0.000873709147909433,0.00171616963170903,0.000203429211945245,0.000148872636396388,0.000313452922593583,0.00438297028757632,0.00175732049208561,0.000433267359122243,0.00200256735271826,0.000255115107660855,1.62631634512006e-05,0.000387140460821556,0.0082113483028998,0.000441479764537545,0.000332317121656685,0.000108652486195612,0.000527055267748547,0.000183456987267158,0.00083368310664531,0.000533209696033279,2.66047751345422e-15
0.0135595387207787,0.00703219430126895,0.000428287814478862,0.00717869923328505,0.00115934066503,0.00283604013514718,0.0273830891095791,0.00517832756775809,0.00373140280858072,0.00232705469445783,0.00172806205204117,0.00278319957660714,0.00112185341675623,0.00161686446776612,0.00290492523162083,0.00212908256921878,0.00138979963433615,0.00177612590287746,0.0201990052005051,0.00278859071717438,0.00100581401982039,0.000942169943489352,0.00102586790776893,0.00039855558994008,0.00188341050266942,0.000592935899504278,0.00190828905049808,0.00355175869978568,0.00715118793618086,0.000288983005479025,0.000271286340548899,0.000836828592626192,0.0232097063070141,0.00930576516184175,0.00047271346308587,0.0026646344216932,0.000223603640960933,8.13204882775168e-06,0.000341941524276572,0.00214640154636698,0.000432484116970272,0.000352496721161319,0.000100614643434284,0.000386486981893332,0.000401979009256735,0.00272104105239102,0.000942422723494738,2.66047751345422e-15
0.000583905294146072,0.00130959300791119,0.000284245397228149,0.000494532506427662,0.000360773008126404,0.0021671167417586,0.00105813640724738,0.0022494724818428,0.00321479643513889,0.000427125843805515,0.000392221771233416,0.000243929595180416,0.000303645764314053,0.000768135957164481,0.000423832104235621,0.000404654517955226,0.000351283653571971,0.000194379528616699,0.000780529302496155,0.000493835250221558,0.000197295020653316,0.000506459997728623,0.000232294237393749,0.000320919852972613,0.00182824060150051,0.000647997186638348,0.000301188991679579,0.000469950153075319,0.000740522755878014,0.000307574339880576,0.000121033974963004,0.000217616080840812,0.0008968687297057,0.000359593077003666,0.000597921488953388,0.00310228497513445,0.000255158149502515,8.60986710650709e-06,0.000643738116753644,0.000840002075303328,0.00028192492569428,0.000784402793747271,0.000170842937822142,0.000843782481602271,0.000381240447000947,0.000208010483305005,0.0019505355384013,2.66047751345422e-15
1.32703799742125e-06,3.23250535798608e-06,5.67567203148659e-07,1.14262331821358e-06,7.68404013293205e-07,4.6224285896054e-06,2.43535587600571e-06,5.54229893557769e-06,6.82078366817198e-06,1.21947564961651e-06,9.77205219027727e-07,1.07340198026982e-06,1.46326328372402e-06,2.51472274672588e-06,1.3854722600532e-06,1.34809677417211e-06,1.51404050573045e-06,7.24724740955412e-07,1.79642869154227e-06,1.10656964845983e-06,4.1060785435693e-07,7.34482713604728e-07,7.2627339315799e-07,4.41737013890118e-07,3.51067276269067e-06,1.1748371174552e-06,6.84155223938317e-07,8.06685022837947e-07,1.64701965821791e-06,3.85851933186998e-07,2.46419870929191e-07,3.99906424619153e-07,2.06418990186632e-06,8.2762213610004e-07,6.09999414987807e-07,6.22496429822661e-06,4.6180446248909e-07,1.99178454283227e-08,7.15013423735025e-07,1.88927733981655e-06,5.754764199848e-07,5.99999255882357e-07,2.29217708089859e-07,4.73341783081777e-07,2.32616696687763e-07,4.87570527535586e-07,6.5860642060298e-07,2.66047751345422e-15
