0.00790913495381242,0.052984576294732,0.00182636335086836,0.0491003007524248,0.00137742024559464,0.000161912650548432,0.634988219603235,0.0050056450206089,0.00547045244403766,0.00430019335239988,0.0578092202814731,0.134788620073242,0.00113876739076418,0.000655782972869046,0.000533461522327928,0.000527293086558898,0.000396849509553145,0.000563087254521069,0.000870199799267135,2.96029633266506e-05,0.279313566993902,0.000301156379959597,0.0058861771798689,0.00012863618217083,0.000127627603831456,0.000134185216403348,0.000429008378636535,0.000853302164111959,0.000695798015036204,0.000177541493394475,0.000158942857384341,0.00423732412655118,0.000101999537210896,5.95988970543547e-05,0.000105205959815529,0.00030625995437555,0.000118539426093527,2.02772396286195e-05,0.000182871593656895,0.000638647946807473,5.38445601061166e-06,0.000137473772775047,0.000126567587343965,0.000123866488711567,0.00115083449414359,0.00146483296806419,0.000329802183853913,2.96029633266506e-05
0.0107914921212857,0.0202327656594853,0.00145110065281006,0.000303670997469009,0.00069713314247238,0.000505959153581453,0.0005715439737784,0.00211538129843435,0.0026829312249968,0.00127940107305221,0.000450358971506664,0.000303537483848682,0.000295503415352186,0.000319761963641166,0.000278796224723272,0.00021119127770902,0.000189178875126039,0.000194985035484433,0.000356097983664137,2.96029633266506e-05,0.000310207753694741,0.000344043554117726,0.000178139457197325,0.000324317441212192,0.000322071318965474,0.000338319651897382,6.99323526573291e-05,0.000117406548889915,6.22153635418015e-05,0.000437316489086909,0.000110513006617501,0.0144133124442971,0.000340137392085357,0.000126880248239747,0.000230531079668155,0.00068015735438582,0.00031711038283944,3.23103233181142e-05,0.000401005593530628,0.00128348534969126,1.01237789174811e-05,0.000439412989450931,0.000676636056473053,0.000134613772039748,0.0023982323802435,0.00170138484566853,0.00166626059636756,2.96029633266506e-05
0.000557691453935249,0.000319554952494985,0.0401586903121302,0.000312165889444257,0.00245960121961032,0.000706814086370406,0.000206682996765385,0.000573671164155777,0.000515944423254692,0.00323704477747425,0.000708759673123137,0.000643566682836532,0.000747561246332903,0.000564192596523795,0.0004632487424188,0.000430655314660641,0.000921971472493827,0.000601802583972868,0.0114447405926061,2.96029633266506e-05,0.000306616577251237,0.00184747347899854,0.000625039267619586,0.000835734442763509,0.000828797444730367,0.000871739061088995,0.00053375165028737,0.000276355451695812,2.28944474399515e-05,0.00277227508630724,0.000968275970434804,0.000373862169236677,0.000275248401194708,0.000303059249476174,0.000341465232841939,0.000330881224711008,0.000617856998932407,7.17158950381155e-05,0.000291250692452389,0.000619836601731933,7.48248393818745e-06,0.000829264869136073,0.00112951101380966,0.000430786694884982,0.000231678188101806,0.000768540521263335,0.00128915359188359,2.96029633266506e-05
0.000465230942872833,0.000206903503228204,0.000219779676281042,0.0511656112562002,0.00159970569971682,0.000150614495409966,0.000162999811933495,0.000186657557567396,0.000101632282944377,0.000222675323405554,0.0012665649610886,0.000454774919617094,0.000882154212836829,0.000264917280017715,0.000493342797182335,0.000428262516517207,0.000531727346765959,0.000731091981179199,0.0163127011727092,2.96029633266506e-05,0.000312588148086044,0.000210631172715209,0.0035897231298665,0.000127084397412676,0.000125905647466226,0.000132412380914296,3.67998619735954e-05,2.63010138998181e-05,1.53497066986423e-05,0.00199188671944782,2.16056285287126e-05,0.000192948675800349,6.3133096917441e-05,3.88463109297411e-05,2.46797989742207e-05,6.59676666253032e-05,1.99079781686231e-05,5.23212458870793e-06,0.000601629156983908,8.30985888922244e-05,3.67221788899776e-06,0.000149857246460391,1.84669219921532e-05,2.10236256223158e-05,0.000125566276283086,9.7628070305756e-05,0.000237563309389939,2.96029633266506e-05
0.000454052486344172,0.00276732987372815,0.00139739053113995,0.00263371059791339,0.0574573282493242,0.0309403825323124,0.000108458364965123,0.000756422835862993,0.00367479778801467,0.00106603903504566,0.00175269115524401,0.000277302058649723,0.000670559750040486,0.000570868205367538,0.00153705420963797,0.00041433129022929,0.00032584815083818,0.000266813411182051,0.00253778440508072,2.96029633266506e-05,7.2031042407234e-05,0.000882013563819021,0.000553725803664974,0.00156631738817352,0.00155339056285591,0.0016335521465667,0.000115632656625349,6.75551850565011e-05,2.15214658401918e-05,0.000776890901111144,0.00247443262905961,0.000434032092063467,0.0170478074143606,0.000126053679906861,0.000205799534628661,0.00127632663072857,0.000536448228099649,4.73464817396514e-05,0.0009391006816528,0.000734044602453828,1.11090744270922e-05,0.000617859699171574,0.000245314087890674,0.000137726870523906,0.000634963456654062,0.000177875406304493,0.000343098083482346,2.96029633266506e-05
1.51896197346754e-05,0.000120008426030496,0.00022244568553293,7.56749504590644e-05,0.000799342144050369,0.00432283340699372,7.80188045654649e-05,8.89316386277994e-05,0.000330906264589236,0.000149514706277194,9.29790955817577e-05,6.27357017655849e-05,8.34278411438713e-05,0.000161183566733407,0.000100876341165691,7.35301208611783e-05,0.000107345006461641,7.16240211303567e-05,0.000173043404964605,2.96029633266506e-05,4.53201690447826e-05,0.000183487127761352,0.000118005567486151,0.00014149662259783,0.000140351931259836,0.00014756434618122,4.63928217213877e-05,2.72432004485966e-05,1.62426991047338e-05,0.000200422007671198,0.00109804728797472,2.0438107252217e-05,0.00151895444314377,8.31864045258819e-05,0.000244310584032122,0.000427470119309898,0.000610180345459963,9.71384716114288e-06,0.000373675197292034,0.000280220966665834,3.04229439044849e-05,0.00013161406519645,4.83898374245379e-05,0.000191749667481273,0.000294974610686342,0.000132009887414994,0.000182125474561137,2.96029633266506e-05
0.00613398267478766,0.00194519574630879,0.00312606296690549,0.00256873583019583,0.00610669112886759,0.00299966944289119,0.0260333257092718,0.0656196972628769,0.00489843187272287,0.00606717680023068,0.0230888193387788,0.00451681966851448,0.00431551488215358,0.0012476727813845,0.00259441111921811,0.002378606355147,0.00193450913925505,0.00227179161191675,0.00248079583664788,2.96029633266506e-05,0.0158264838757769,0.00676243903594959,0.00571640962629178,0.00436847676147125,0.0043324443297518,0.00455596380624798,0.0380993913037378,0.0732964318904314,0.0614842148408501,0.00552144849941022,0.0104052085314343,0.00362847824288929,0.00162852383117906,0.00120956285188029,0.00125359640070201,0.0020068642451995,0.00115155435870245,0.00101575861467359,0.00576353006835395,0.00156445371240277,7.0625637367273e-05,0.00285261210198662,0.00199144571513068,0.00173746344054112,0.00611205465151568,0.0027249070832284,0.00400609339058226,2.96029633266506e-05
0.00876680029975667,0.00245351620236372,0.0216165798705628,0.0143578346708645,0.0178999708235854,0.0184837209367964,0.0139934861140931,0.0949366941919312,0.0383832073957343,0.0836327824065949,0.0174677294141011,0.00556514393349179,0.00952981405857931,0.0128331802259257,0.0116217722010928,0.00331279536328035,0.0030216236859651,0.00371298998902842,0.0120418326086059,2.96029633266506e-05,0.00853230226665195,0.0105765444978311,0.00430402485951963,0.000477771823145342,0.00047407408388695,0.000498132420471449,0.00206849057513491,0.00159564736595391,0.00109398599080495,0.00154970329437859,0.000393541730770329,0.000657738827659099,0.00727624229719251,0.0012902342624702,0.0003852667541742,0.00106532248666354,0.000425933222475081,0.000106535446140931,0.00196588598365468,0.0105693272534857,4.21701305078014e-05,0.00483658278650768,0.00651366075551404,0.000392812613937314,0.000803789555146359,0.00400923758789874,0.00658304511532706,2.96029633266506e-05
0.000362692984915193,0.00093086147213949,0.000238374931667354,0.000133526058820157,0.000227339990009751,0.000164172352447334,0.00029956740680211,0.000782340238273505,0.034760125148925,0.000538566932352052,0.000228783169774434,0.0001610139457365,0.000180855251273178,0.000374774269656897,0.000212157213006165,0.000218788260089677,0.000167151233953779,0.000195454522766359,0.000200748158368793,2.96029633266506e-05,0.000187217180263232,0.000517698518366608,0.000156253275752643,6.56328251820029e-05,6.52409689707354e-05,6.85681396765049e-05,0.000103702194011246,0.000213025476974003,0.000537932463444756,0.000213370734096515,8.67243423315196e-05,5.11360474544267e-05,0.000113171795860004,5.28922675950149e-05,0.000160388172797841,0.000303620408362689,0.000275693901456729,7.5748795044515e-06,0.000130735788156312,0.00155808875302794,3.3623469146894e-06,8.71894911457666e-05,0.000293676559927291,0.000397194977603461,0.000151072948797714,0.0241252982869347,0.000209580507145047,2.96029633266506e-05
0.00105183070379302,0.00300877449385119,0.00261294025085708,0.00130792164125266,0.00226484529401293,0.00416213024848727,0.000954914269786589,0.00235087683760926,0.00382808307180728,0.0141692569887991,0.00277610373029005,0.000841624898187561,0.00293751772281205,0.00543684330337097,0.0086658879818492,0.00463290689323825,0.0118741656446521,0.00290699234291453,0.00809776188490908,2.96029633266506e-05,0.00111301700426377,0.00241259445631034,0.00533004638876225,0.00149285929983608,0.00148055054676248,0.00155686298157814,0.00207339804169768,0.000207524592620377,0.000196831695489302,0.00135857796210415,0.00184965008175762,0.000329845074216115,0.000439691853076256,0.000117732797870382,8.45402443992741e-05,0.000367719432378932,0.000150842918514152,2.91322680131276e-05,0.000342344649044656,0.000600487092498178,3.48358206747329e-05,0.00039071098079874,0.000364605225388155,6.61729651541569e-05,0.000242323597040045,0.00035589131559641,0.00132269992506235,2.96029633266506e-05
9.08504024077269e-05,0.00124042721661773,0.000235349376931939,0.000303137634909485,0.000980628579339875,0.000196306186264951,0.00237939182372687,0.00128097530075074,0.00441209621940931,0.000734269602363163,0.0471163025934701,0.00345169173872757,0.0011051314506785,0.0108496249483171,0.00343182836181842,0.000963979760224062,0.0013530910789877,0.00130018890792905,0.0025154663706338,2.96029633266506e-05,0.00123413229280048,0.00230178782711862,0.0253161336416118,9.13641572829016e-05,9.06680612902515e-05,9.52799382974565e-05,4.09779370344358e-05,6.33398403984261e-05,0.000126549800149889,0.000184489239044286,2.47460057614539e-05,0.000228455449571522,5.70307762557213e-05,2.8376969028925e-05,7.05980853278003e-05,0.000133303156884644,5.79777103063172e-05,1.18108544579559e-05,0.000157553752151685,0.000854999511680684,1.54306208411491e-06,6.90438296031636e-05,5.34217698730032e-05,3.83831044088839e-05,0.000210543508411734,9.79999936532807e-05,0.000234413793682122,2.96029633266506e-05
0.00029576345731099,0.000230162657759556,0.00108664163324691,0.000985434523688227,0.000557693150422557,0.000270567114491977,0.00657235642375461,0.00336446813270216,0.00137015886158586,0.00464493483522636,0.00833044292221897,0.106416121218439,0.0947007516641665,0.00337328326422733,0.0334815587732582,0.0295736587489654,0.0170239761459278,0.0411721193061392,0.0143113650098015,2.96029633266506e-05,0.00304157955804792,0.00946087476410524,0.0271150243374109,7.6032996756206e-05,7.54346046440952e-05,7.92437063108168e-05,0.000151681964758079,0.000351103716718426,0.000337515737583252,0.000341054099915134,7.67358186793786e-05,6.56561212022003e-05,5.900206053431e-05,4.64486078792643e-05,6.28739465087005e-05,0.00017288882841181,6.84051689204644e-05,5.74544319461819e-05,0.000267518781754957,0.00169412919267659,5.42440434463846e-06,7.3581927276898e-05,7.30134934799438e-05,5.02711592571339e-05,0.000152498049027933,0.000460505315483477,0.000658009057941892,2.96029633266506e-05
0.000197125984842635,0.00166086363724244,0.00168830606415165,0.00167606582909661,0.000864491689981052,0.000455120789723578,0.00185620851615153,0.00137850705106724,0.00208709742826702,0.00249402234097856,0.00331282342152323,0.00415189226614436,0.02048159443736,0.00469473368955011,0.0142076767214603,0.0162111551160451,0.010151331239522,0.0141713612460153,0.00900281303166143,2.96029633266506e-05,0.00110459239732826,0.00284256177200463,0.0150696115162693,0.000361431317623858,0.000358499071678106,0.000376871288507868,0.000400803708063918,0.000437590107794559,0.000530409630432468,0.000956258013420918,0.000176505374777636,0.000420715116921364,0.000171524474543614,8.84080413830944e-05,0.000246444681717748,0.000508370660392957,0.00043099313054659,5.55660055900119e-05,0.000380869726114278,0.00155662357859835,7.91162296070143e-06,0.00032470903982929,0.000220684317491266,0.00052106550382575,0.000292215033753422,0.000172923565026978,0.00094695373756869,2.96029633266506e-05
0.000298849562666206,0.00037904322075984,0.000837768770190446,0.000281507698989025,0.00072587661761377,0.00137228162766072,0.00116837141351286,0.00118383176078251,0.000802103264571719,0.00189675155927367,0.00173466456422679,0.00144165387206765,0.00213872711513296,0.15736516178872,0.0291023638231504,0.0170814752436119,0.0128946564282973,0.0107815241030455,0.00287368807494965,2.96029633266506e-05,0.00345551156075534,0.00638733110956845,0.00453552675978925,0.00208705790156245,0.00207001339657819,0.00217665353252509,0.000848365461852228,0.000591237286605538,0.00109727991953861,0.00373062296169217,0.00364671013148583,0.000533203692946874,0.00101486180144705,0.0047686047705112,0.0165750444355788,0.0650388283874938,0.00435992095449548,0.000179207779681273,0.00990560625556234,0.0240219054373963,0.000240484699785497,0.00467894630437346,0.00131452426129813,0.0021470176940949,0.00446225282718921,0.00581300208265826,0.00418352195648831,2.96029633266506e-05
0.000149475494868539,0.000151739612833602,0.000623455680483988,0.000407207534835192,0.000342441199290699,0.000293435256644168,0.000247731303900138,0.000373539040676392,0.00032978560016152,0.000580115446791506,0.0010043737644876,0.00124802652547232,0.00202680961226289,0.00707226853875953,0.0253431647674876,0.00788741109078995,0.00545750563195604,0.00778760566732015,0.00165539923807782,2.96029633266506e-05,0.00208238293948896,0.00146656055437613,0.00693385221051952,0.000369114245347491,0.000366150251000508,0.000384899722780809,0.00062099881088805,0.000235023378810991,0.000306600711120735,0.001364023873715,0.000337532411355189,0.000338576252394368,0.000120493179713144,0.000494071971618985,0.00437751164660388,0.00235568499059234,0.00050377522355736,0.000102057163167842,0.000689755662987719,0.00250035334771059,1.21054311286278e-05,0.00217029738107707,0.000295036154333251,0.000177139108663291,0.000674369048414006,0.000411646133300692,0.00177054827455038,2.96029633266506e-05
0.000594691285659457,0.000740360538741927,0.00142167120588948,0.000716109145121424,0.0014602251779195,0.00144598462076441,0.00215267474330994,0.0012647597835358,0.000631970811469095,0.00608052725644388,0.0033841746488246,0.0028876324646879,0.00702213836596923,0.00332917601100146,0.00751714559194968,0.0374616856414015,0.00757034775964626,0.0233604335479194,0.0018753979010305,2.96029633266506e-05,0.00247520913581915,0.00985858947435842,0.00703080032996079,0.000520896584554451,0.000516768930159329,0.000543063167565315,0.000280520686330707,0.000466599079047516,0.00081306715105837,0.0023031728525201,0.000340062474585259,0.000171606155935793,0.000946980819725687,0.000134334318189539,0.000461547452270155,0.00166745962686087,0.000858559724295687,0.000128315683159298,0.000454743037228252,0.00433097705393873,1.14792187552144e-05,0.00120200713749938,0.000248916210388165,0.000789867019999442,0.000421841838888641,0.0002221469423324,0.00217428523178303,2.96029633266506e-05
0.000132196610062777,0.000222997885027786,0.000796458265335416,0.000389357280209909,0.000424574943385723,0.000275810271077818,0.000204965861219534,0.000283532134091904,0.000456978848878497,0.000649559586785228,0.000986428740916663,0.000585288785307773,0.000971807785596764,0.00101745538943104,0.0010036721854511,0.0022505001463661,0.0305878358201252,0.0016575581627291,0.00101255116763269,2.96029633266506e-05,0.000183497275017119,0.00184394627298404,0.000698568961848192,0.000316529711104725,0.0003062089496859,0.00032204439822269,0.00245636147929199,0.000123446925528655,0.000264862332778619,0.0011507088316555,0.000312987351627219,5.89014574147903e-05,0.00047229805009662,0.00016096544751354,0.00021397733425849,0.000659152271025599,0.000300792825509491,4.0445056588397e-05,0.000252592779189363,0.000621192816128617,9.1546414340302e-06,0.000188559313096134,0.000158625908554393,0.000129048526472091,0.000169089455186765,0.000192473794752637,0.00287340200923237,2.96029633266506e-05
0.000885066059511365,8.83530718726881e-05,0.000343232152314657,0.000144592131534264,0.000158218981428333,4.65008182284423e-05,8.47581373150976e-05,9.81682551932245e-05,0.000119474413953079,0.000190407379322169,0.000544422533156804,0.00023177143278016,0.00047881661621295,0.000456727604732457,0.000561427329876391,0.00136148037839335,0.000586667410650091,0.0258764464508198,0.00045369555918766,2.96029633266506e-05,0.000193785363798626,0.000470279375430902,0.000402400470950767,0.000233578962289363,0.000231655925033152,0.000243565137537568,0.00150651538762703,0.00906400476316096,0.0279591165992788,0.000560407425877507,0.00344292107357351,4.67946487869978e-05,8.22090384540021e-05,5.26878221321215e-05,0.000248782726584533,0.000318954952946364,0.000195921893920556,8.03796242927519e-06,8.383811691149e-05,0.00368240273982854,6.23691593742354e-06,0.000121788991759635,7.78548870705329e-05,0.00132710591430696,0.000137061124332533,0.000122644561609288,0.000342911403345937,2.96029633266506e-05
0.000131853238274509,0.00246394050257504,0.0149270424707677,0.0047059632062757,0.00408677932384051,0.000233148996314416,0.000201611755516424,0.00129847357173511,0.00245773049477199,0.00377106717439282,0.00277480175558167,0.00249383655508534,0.00375095051307279,0.00579335052628162,0.00399968841400411,0.00482982827062482,0.00664283794137789,0.00964363185849947,0.0175073175469398,2.96029633266506e-05,0.000123526864590471,0.00123938677834379,0.00165803287138009,0.000402692241830068,0.000399130720299945,0.000419769779357055,0.000144149252401749,0.000121280297920819,0.000577897276911261,0.00055452282583655,0.000542596584940638,0.000679562384200854,0.000118490035230552,0.000475338108636033,0.000265320998455542,0.00078806098005923,0.000596254124854908,0.00015187044523576,0.000578387096746832,0.000536014071897781,7.70340322467965e-05,0.000300900075832407,0.000439742571716023,0.000307846357529907,0.00214515389645732,0.000378353013685121,0.00114756643584881,2.96029633266506e-05
6.21720415056622e-06,7.89627695316627e-06,1.10802810411937e-05,8.7615305092102e-06,9.05672505586626e-06,9.33251343171177e-06,2.75392938969029e-05,1.08106868788808e-05,1.28656778687572e-05,3.13333402927837e-05,2.58216920940652e-05,2.16684631004731e-05,6.55716452242084e-05,8.89406632591968e-05,0.000120524584647191,0.000192004808386026,7.46328480243291e-05,0.00020550977610036,2.79748031541805e-05,2.96029633266506e-05,2.52961868777495e-05,5.22836362621064e-05,7.28749163760726e-05,7.81338266396714e-06,7.78870594289645e-06,8.19595166346492e-06,1.03014537287433e-05,3.68244161370492e-05,9.04317212650743e-05,2.08481468445664e-05,1.92812649616836e-05,3.0802941689013e-06,6.9165495746251e-06,5.55786112368047e-06,2.65973927628434e-05,5.16126412717501e-05,1.48728932661153e-05,1.06458642139482e-06,1.03784241218574e-05,4.49419562373197e-05,5.81980181523615e-07,1.3891409484512e-05,3.65952311341176e-06,1.04125286315407e-05,6.46104076810585e-06,6.32301807163061e-06,1.78899912452011e-05,2.96029633266506e-05
1.18549504633743e-05,2.48325277777104e-05,6.27408476493717e-05,4.11603119565572e-05,4.73585948140363e-05,2.54695881319409e-05,0.00206474511786149,7.87971520932414e-05,5.00942857176502e-05,5.76694829271364e-05,0.000269337336526763,0.000638446295585766,0.00018435013432884,6.40163481478106e-05,0.000150172456764705,0.00011234988105163,8.26184206317351e-05,0.000128344819534074,7.91491542299913e-05,2.96029633266506e-05,0.000999561744205622,8.84100008731748e-05,0.000126550226835532,2.71010805596626e-05,2.70218280342925e-05,2.83225307709335e-05,2.45042718060711e-05,7.2426128620405e-05,3.85803583722535e-05,4.6291854354794e-05,2.55628286814935e-05,1.91843004880394e-05,2.06738067003829e-05,1.82305830944124e-05,5.57824065460989e-05,8.10149787671637e-05,4.3701100174272e-05,1.56968117798201e-05,3.13397394120143e-05,4.83984481532506e-05,2.42219426621511e-06,2.51613647757238e-05,1.40137391196093e-05,1.59480123408721e-05,3.10287550758006e-05,3.03222682081272e-05,3.14716396543258e-05,2.96029633266506e-05
6.71745388931091e-06,1.60812266905739e-05,5.74112443369333e-05,2.02884368255672e-05,2.86837949949611e-05,1.026915471551e-05,0.00148401576564569,5.5348113247529e-05,2.59208200349357e-05,3.2736816275075e-05,0.000170825203198807,0.000342759887353313,3.5993725009043e-05,3.33314295144367e-05,3.49564835267654e-05,3.95439828022591e-05,3.55769803068241e-05,5.25535726597452e-05,6.56838677496304e-05,2.96029633266506e-05,0.000660326297112518,4.34856716438795e-05,3.94775904448493e-05,1.25718163909377e-05,1.25124667443466e-05,1.31293384633875e-05,2.0854975074186e-05,0.000100920153424816,4.70156445015102e-05,1.99586611406858e-05,1.86434463856202e-05,6.88588484239573e-06,8.24785759019968e-06,8.15219204548281e-06,2.422562552512e-05,4.32781066575987e-05,2.44252294301686e-05,1.87706369435594e-06,1.37245732481702e-05,1.50492393256501e-05,1.26015367912828e-06,1.02509435646929e-05,7.15683211780778e-06,9.60779075285513e-06,1.43595597399755e-05,1.27344495613526e-05,1.16485896688375e-05,2.96029633266506e-05
1.19417985101779e-05,2.69721056124053e-05,2.3842738493165e-05,5.48704875863331e-05,2.3540593533572e-05,1.7839704995177e-05,0.00347834482747202,4.27942374422168e-05,2.95230538800828e-05,3.37628866162235e-05,0.000434352670966878,0.000769144258548536,5.73449346782526e-05,5.61990481241142e-05,6.37944159573664e-05,0.000117120999672291,5.61292017034236e-05,8.89669746672709e-05,4.4831755199303e-05,2.96029633266506e-05,0.00154797481045722,5.8735686718183e-05,0.000141382326550799,1.78604227131054e-05,1.77907563826807e-05,1.86960938568207e-05,1.34203350573882e-05,0.000116685847010002,4.92524102340294e-05,3.11753155957127e-05,2.34573158678509e-05,9.61312698127879e-06,1.93172728776848e-05,1.44135745423054e-05,4.75587321659404e-05,7.54037161419908e-05,3.94588694131442e-05,9.24412107509868e-05,2.60077668017337e-05,4.69859929663196e-05,2.58901025553485e-06,1.63375218571613e-05,9.01252628786951e-06,6.22149922801453e-05,1.42387152501573e-05,1.34344236855617e-05,1.67700473380593e-05,2.96029633266506e-05
4.52396981298379e-05,0.000134864208191475,0.000166491846498207,9.22754141890141e-05,0.000134908179836956,0.000111882079842016,0.000141035776434228,0.000152004247360696,0.000357649546074106,0.000159987687633277,0.00016418426159745,0.000118913147965128,0.000152372916229122,0.000172435526797181,0.000189759541715288,0.000209248325978993,0.00021631187186539,0.000222097599641568,0.000193052924396426,2.96029633266506e-05,8.00194067164806e-05,0.000105125748566591,0.000144490114236902,0.000157881799068504,2.86684397177097e-05,3.06876620808766e-05,5.55429376537364e-05,0.000123210500079155,0.000108016198332847,6.16278844749457e-05,5.84686677991971e-05,5.25093918890952e-05,7.36262823253975e-05,2.92249547333539e-05,0.000184309994625784,0.000139087811144405,7.36229588144075e-05,7.35478559392632e-06,4.11860435432074e-05,8.74309010051685e-05,1.14779762594002e-05,3.72063690608396e-05,2.66747999840668e-05,2.55632257965082e-05,3.88155618540078e-05,0.00017317859132679,5.66932747874511e-05,2.96029633266506e-05
0.000710876420483831,0.00184400555810552,0.00220605040119428,0.00152300907836007,0.00159990358904547,0.00119086165917215,0.0210394037835773,0.00251137766074236,0.00407343698688121,0.00228022927681312,0.00357878347065639,0.00602263505833228,0.00227029831817627,0.00267824120255269,0.00238423279726394,0.00248426497766438,0.00195398995400049,0.0027313090445169,0.00228609703995863,2.96029633266506e-05,0.0094821138932068,0.00118129223509867,0.00187672796238999,0.000298972380190151,0.000430024601748283,0.000313422339146718,0.000612203774564633,0.001241649671735,0.00128222789905528,0.000614869487832506,0.00055670742189778,0.000702550268842537,0.000720171265566276,0.00030056582759701,0.00150089334315639,0.00156862278878272,0.000654447725722133,5.85773712448422e-05,0.000448149806389018,0.00107586915239787,0.000109860027291691,0.000408809647035331,0.00031020168864916,0.00024983972274099,0.000432957944781253,0.00203950771429033,0.000610447253398352,2.96029633266506e-05
0.000363661268039047,0.00119564268432276,0.00100879110930338,0.000569127094706734,0.000701272641331497,0.000646368141494241,0.000892178027599173,0.000649449048003919,0.00148962252625998,0.000635402844328715,0.000780579239973687,0.000554027576448446,0.000605517084032382,0.00061108894988941,0.000798049582370942,0.000731940278531745,0.000796338017161455,0.000681149796072719,0.00111373561198175,2.96029633266506e-05,0.000447737861383393,0.000437745277509323,0.000557978054727463,0.000138895800672721,0.000137892295948536,0.000282107189720872,0.000312671162309454,0.000525327032887016,0.000311959999873598,0.000304549133643558,0.000280595102566385,0.000519964181929073,0.000473637041304817,0.000158971266381492,0.00136435899685853,0.000609340034268703,0.000364440162160672,2.25575782334874e-05,0.000216234602024942,0.000364124162642319,7.57911117714686e-05,0.000191002597784214,0.000147355026434335,0.000110908550503443,0.000255096626307021,0.000550723905399779,0.000284829987137106,2.96029633266506e-05
0.000286330502915426,0.000935251764447584,0.000565657913239273,0.000855992958614531,0.000671695109543653,0.000493528340093778,0.0178725494987034,0.000659509031182788,0.000547886183687145,0.000490598620805056,0.00276199375539543,0.00424324531340712,0.000477871367034073,0.000355454633034971,0.000344816059335153,0.000403774904495268,0.000349594525516102,0.000413780643498545,0.000498381978634338,2.96029633266506e-05,0.00783960292978671,0.000561858229027129,0.000424729962779392,0.000421446075623834,0.000417682371050475,0.000439303113233548,0.000277016065605291,0.000561154169400285,0.000418122208428077,0.000320151935415771,0.00075224194448023,0.000195358993268879,0.00028736134674719,5.12991073295585e-05,8.8656627051573e-05,0.000222345183440874,0.000323879936662223,1.5092083618507e-05,0.000322346537805449,0.000228934706419083,2.54208342374121e-05,0.000254617796190424,0.000181620951170679,0.00011776111621749,0.000119244156795467,0.000232290325846202,0.000113771183880557,2.96029633266506e-05
2.14520595108974e-05,5.05117521508749e-05,2.85637139682622e-05,4.8619304240236e-05,4.35781166136211e-05,3.53022425750897e-05,0.000155507304560871,4.17682834811343e-05,2.79907187012647e-05,3.08072918249625e-05,0.000162400025213197,6.4658352515175e-05,3.0130143236156e-05,1.89265116986116e-05,2.38579934377843e-05,2.82912231496573e-05,1.7581108262567e-05,3.43320566840712e-05,2.79976017469342e-05,2.96029633266506e-05,4.33980267037365e-05,2.35119057334802e-05,1.79575175491859e-05,2.67680454384241e-05,2.65505508572864e-05,2.79464124996333e-05,2.3517117374857e-05,0.00722887719929935,5.21483931808336e-05,1.70635178561892e-05,3.50723452859053e-05,8.5072959438528e-06,6.85874744663874e-06,2.63992010204851e-06,5.81218594010757e-06,1.10875850997364e-05,8.64888048011249e-06,5.57257381514192e-07,7.48086859506321e-06,1.01199926928315e-05,6.03531098595349e-07,5.34387543187326e-06,4.54724823673384e-06,4.77704426153051e-06,5.35752504100268e-06,1.04588745937992e-05,5.57077074753212e-06,2.96029633266506e-05
5.61722503020741e-05,0.00020313104455502,0.000348323147159793,0.000279928464360427,0.000208127734263943,0.000456958949081643,0.000253886335675324,0.000191880845494599,0.0012022404585899,0.000399188016569362,0.000524708951161861,0.000181873088390831,0.000251121676670733,0.000468501941963528,0.000530644934832875,0.000586983318989819,0.00016640351566662,0.000165463828377997,0.000288928888841462,2.96029633266506e-05,0.000100049426441263,0.000129147734374663,0.00013238288422959,0.00263531553348645,0.00261350970874908,0.00274842103279736,0.00100128844086185,0.000194224019601597,0.000252096624612219,0.000694728624832152,0.0214191857103867,3.31987151841427e-05,0.00253058744037617,0.000351792057867864,0.000596278208522213,0.0016725846802501,0.001739270834995,1.81338241946038e-05,0.00167777951461657,0.0014173590996759,0.000647911356927088,0.000560290344286595,0.00043096025232821,0.000620737075108407,0.000209272691616356,0.000137599272783413,0.00026248353349553,2.96029633266506e-05
0.000531959255349674,0.00114430012847069,0.000906919658758164,0.000869515089802583,0.000756805131755104,0.000604607188080989,0.00113811970764002,0.000873119888789514,0.00167833004171871,0.000929832537858696,0.00196466459397872,0.00104441231862223,0.000970011204435316,0.000708625053470475,0.000692230087327176,0.0008399769354293,0.000457762292245254,0.000460470987038928,0.000644048786889065,2.96029633266506e-05,0.000329686639998963,0.00078423593675385,0.000208439812593699,0.00206505473974358,0.00204784305517564,0.00215361581400632,0.00341676417497881,0.00861335456098665,0.00641984070797486,0.00210424652500769,0.0029629027363443,6.95157301311968e-05,0.00060110202702853,8.44607192038066e-05,0.000137025983839343,0.000571530921670087,0.000449355709165269,2.02656151026073e-05,0.000496435545315571,0.000165862717282025,5.64644566950364e-05,0.00028704875247499,0.000118812466989584,3.53866041617636e-05,8.59221911004104e-05,8.43176691259812e-05,9.13930640990221e-05,2.96029633266506e-05
1.11112167151673e-05,1.30014708835084e-05,1.05956577816303e-05,1.81666563616184e-05,1.05037707322249e-05,1.04467410327164e-05,2.11661975500232e-05,8.269160025837e-06,4.14022993846407e-05,1.03742552536074e-05,2.11839879463449e-05,1.42503566025959e-05,1.19002511463984e-05,9.19861332323081e-06,7.48251638988859e-06,1.05231541148516e-05,9.82034312140922e-06,7.9608071437987e-06,1.25124211722221e-05,2.96029633266506e-05,1.51339392549969e-05,5.48233191383796e-05,1.21149959321603e-05,4.72004483953981e-05,4.68107056461478e-05,4.92664112041804e-05,1.54152444392282e-05,4.8397362005545e-05,2.40189186463898e-05,2.63326618594055e-05,0.00297452157855755,5.4589476165172e-06,1.70985883673531e-05,8.90541424294149e-06,4.39642508990537e-05,6.59277132161662e-05,0.000178169582832377,3.4372984105249e-06,4.03212206446547e-05,2.27017543447874e-05,1.04767393744393e-06,5.20896507464915e-05,1.03927236199259e-05,5.43326819607773e-05,2.46608479705992e-05,2.42121868460342e-05,7.79445577243671e-06,2.96029633266506e-05
0.000227122353789281,0.000394329079293137,0.000168540900947891,0.000127692282577962,0.000137932353594022,0.000389567696289676,5.89850671215573e-05,0.00018235724176109,0.00013123013898235,0.000117153923259282,0.000216256051419198,0.00012287256575594,0.000135017827800013,0.000136308654941743,9.35613175051466e-05,0.000152107961696426,0.000146079607279354,7.47474878451781e-05,9.95802488976454e-05,2.96029633266506e-05,5.92126139787844e-05,0.000348977920139268,8.39212629450853e-05,0.000555401899525422,0.000550792600021973,0.000579613845501033,6.82432213970246e-05,0.000118891153460544,0.000234664020374131,0.000666121604197399,0.000130359036359499,0.000291596321006963,0.000439355450688438,0.000194970033310317,0.000224368931127772,0.000592702361470932,0.000689853041767987,3.31257025644004e-05,0.00073904387299463,0.00131778248729814,1.68762368099412e-05,0.000746293372102895,0.000768713582629911,0.000347455485384707,0.000911000104685936,0.000189405590364404,0.000554166548996839,2.96029633266506e-05
9.66258552329189e-06,9.23340613286224e-05,7.109118617996e-05,2.61823307540075e-05,7.84191832864842e-05,0.000135315350149479,6.25786161856114e-05,6.91396256360984e-05,9.76283575618212e-05,4.71790650784143e-05,7.49430268829005e-05,6.65024582937773e-05,6.47130314757346e-05,0.000152604077214934,7.21218744009308e-05,6.7378765500969e-05,0.00016736969510216,4.7636871746258e-05,5.01856146076297e-05,2.96029633266506e-05,6.46608794101665e-05,0.000246818313802348,0.000218736788157734,0.000355728939189574,0.000352887677315611,0.000371019116998484,5.72972711179889e-05,5.88396552145349e-05,6.84275524546375e-05,0.00032927004557837,0.000237839840848472,3.9313834734053e-05,0.000829862633684991,0.000168208799743215,0.000602634257931427,0.000824095802142777,0.00090230822195058,1.86757816001994e-05,0.000621249952254834,0.000608952041048111,0.000976507861214872,0.000308069591372229,7.42722524273323e-05,0.000214236749147413,0.000273943554996959,5.91886987911234e-05,0.000156059959725899,2.96029633266506e-05
4.39736889994957e-06,4.0191999517574e-05,2.81206111259987e-05,9.6866009408371e-06,2.61088356041464e-05,6.98460148044202e-05,2.08472127355873e-05,2.62901612187779e-05,2.86121980456576e-05,1.78477375134355e-05,2.80598164934425e-05,2.47514621940235e-05,2.5720033598811e-05,5.47571101195431e-05,2.97883840758616e-05,3.39798576254727e-05,7.52749190593021e-05,2.31216258608978e-05,1.89220690527832e-05,2.96029633266506e-05,2.60326307263768e-05,7.56975034079432e-05,8.97788735435366e-05,0.000236749806281974,0.00023481679818534,0.000246961937775058,1.67947608263436e-05,5.81049385000013e-05,2.41056887700773e-05,8.69644397897086e-05,4.45393786283891e-05,1.49982167506266e-05,0.000143930408563869,0.00336971798943926,0.000232210875800068,0.000252268257460604,0.000350206571184503,6.97993944462862e-06,5.86505990254703e-05,4.25287993384463e-05,0.00251689142318657,5.48037373992683e-05,3.11662578069175e-05,6.44769171683162e-05,6.60169537240076e-05,8.05275810797045e-06,0.000266619001483422,2.96029633266506e-05
3.45836696689021e-05,0.000117705443788912,0.00012062789022694,6.26254302055981e-05,0.000125643476246676,0.00015000651742665,0.00010571220899975,0.00010271047978877,0.000151093253822522,8.27848013412136e-05,0.000205614034371578,0.000109511244407168,9.67088669373336e-05,0.00030427413118308,0.000116663688193835,0.000111579653262221,0.000257143244848504,7.10350765571045e-05,8.43415624681209e-05,2.96029633266506e-05,0.00011958301889157,0.000367526310641601,0.00034285106255652,0.00140165878641403,0.00139016828291863,0.00146195414781693,0.000112314989088828,0.000126357265965631,4.77952925162116e-05,0.000619522298303828,0.000583591712843592,8.49585276298717e-05,0.000542372452508534,0.000637981830770935,0.00409711525597046,0.0016666134884067,0.001460488601862,4.27012151874507e-05,0.000958645777744373,0.000388706014855705,0.000109219592405494,0.00108649002804053,0.000350424561856837,0.000269336894244174,0.000293517392632932,6.15330833043796e-05,0.000156035403441581,2.96029633266506e-05
2.59192157576795e-05,0.000202915914114328,0.00020040065291286,7.5808661610201e-05,0.000211627137126553,0.000367763942720263,0.000225163418138377,0.000201677270497393,0.000185671937109717,0.000179648042939806,0.000194189333034603,0.000232132025571062,0.000176611046076971,0.000986525337358066,0.000173621563798274,0.00024330479300649,0.000379639320815663,0.000144843009938823,0.000135815386960504,2.96029633266506e-05,0.000254663189648195,0.00089223564292717,0.000343852505163463,0.000839859791564577,0.000833362186512384,0.00087612917600128,0.000307429017384621,0.000289350294965158,0.000119188234992576,0.00094614662620788,0.00156620128763773,0.000110796636073611,0.0010689668588403,0.00101264314567669,0.00383062207005054,0.0107698957161336,0.00471322038773801,6.03730593125172e-05,0.000638542805467356,0.000987610004668123,0.000446569061404365,0.000403166017160224,0.000150859918153266,0.000641911822655191,0.000762248766315645,0.000108161685490771,0.000281324540375256,2.96029633266506e-05
0.000323013913652299,0.000332580818967159,0.000435971528541471,0.000604555773492594,0.000457840847950481,0.000758254103511073,0.000202580356025537,0.000275856831280504,0.000719525885835567,0.000373151125047729,0.000627384970420498,0.000353731293357725,0.000398877315829119,0.000322560622424571,0.000497677648479289,0.000533013134823637,0.000453048936648892,0.000632970951094969,0.000621739579084332,2.96029633266506e-05,0.000404707610106143,0.000928935845607434,0.00096343849918387,0.00104840289814019,0.00103977412118935,0.00109341200500439,0.000618842206199278,0.00137641986972361,0.000654005604600013,0.000880216797584209,0.000336109901947819,0.000260466089946346,0.000579678101005855,0.000329889797198377,0.000694958471760738,0.00105365508989298,0.00477931239122735,0.00286584637132422,0.00162090441644884,0.000324464330048735,0.000100330568536573,0.00105422190069088,0.000801520241898199,0.000434916218665851,0.000328460290723279,0.000591958951851589,0.000621715322286001,2.96029633266506e-05
1.31196486287334e-05,9.60474247710701e-05,0.000208344039637713,8.95836405913719e-05,6.06703101646231e-05,0.00027455038922606,3.85658357789343e-05,7.11905896589607e-05,0.000121801519498877,4.34787973637442e-05,7.48631664810375e-05,3.37350997233343e-05,3.45534464532873e-05,4.34445644054601e-05,0.000111299453497803,5.21493910828547e-05,5.23534943958227e-05,3.60126742505259e-05,0.000180338724511748,2.96029633266506e-05,2.93765732412088e-05,0.000149890404625625,0.000123804929901341,0.000952214720910811,0.000944327015339912,0.000993092085918682,9.4506101459733e-05,9.85185066927393e-05,7.52270648189629e-05,0.000413258822937356,6.49702652752772e-05,0.00053996471854633,0.000426773325070831,0.000184068655253879,0.00041092189394264,0.000756934138792781,0.000773945098391791,0.000278028841722027,0.000949431113486248,8.37282139425184e-05,6.14939868764009e-05,0.000448451713404636,0.000150416005814289,0.000109098968006852,0.00025167040207406,0.000358572777663534,0.000256398258076224,2.96029633266506e-05
0.000181473959331186,0.00078994221204249,0.00105851848783424,0.000444855122045957,0.000877050872930032,0.00191968462900827,0.00787267067398261,0.00149583798923311,0.00213156409773584,0.000677823551252859,0.0019619520502485,0.00315668222661228,0.00121424525904683,0.00177851481230705,0.000979073184955867,0.00114194695301932,0.00285384605319001,0.000679201567337597,0.000699594509500936,2.96029633266506e-05,0.00389005644630075,0.00216160560968553,0.00668919546343791,0.00208226961210059,0.00206503986226655,0.0021717280857964,0.000331688797732279,0.000891179839750743,0.00018842043926692,0.00305846074571258,0.000526444924117677,0.000238607540262783,0.00575108114239104,0.00359473440238283,0.00383588835366284,0.00843577316592945,0.0066139533040398,0.000147475541160419,0.00497830329942009,0.00236053364385903,0.000412617032182101,0.00229260760659267,0.00082254128371625,0.000549894547714143,0.00060012688316237,0.00060450127396679,0.000632596100588944,2.96029633266506e-05
6.9019082732308e-06,6.33175565178188e-05,6.55845144641721e-05,1.90348388323781e-05,3.8612188320941e-05,7.24545545858595e-05,5.09815734685804e-05,0.000199363930371394,0.000942706574954314,0.000123831768292292,0.000110716211013501,0.000103840523431128,6.24098355055971e-05,0.000922841413150172,0.000237080629898872,0.000249795373376126,0.000459433698667281,0.000139877841671318,6.73668079614632e-05,2.96029633266506e-05,0.000112382615953243,0.000196032422976495,0.000103561902319967,0.000112504254789021,0.000111452475709134,0.000117245002176614,4.93271582854028e-05,4.72119999124066e-05,4.59320667786313e-05,0.000171157383727296,0.000158822811244067,3.19735888253957e-06,7.4805338517591e-05,7.54916810178088e-05,0.000379664377939992,0.00117667881771293,0.000240686120063738,4.36106148533639e-06,0.000229314691449822,0.000153175068441439,6.36780528803392e-06,8.89708801053834e-05,3.22212450598488e-05,4.22231451028844e-05,3.34979462358477e-05,9.73849677299724e-05,3.26522035626908e-05,2.96029633266506e-05
4.10151824210999e-05,0.00135262122476276,0.000717899316642719,0.000208478623388304,0.000771977201315256,0.000620252129690373,0.000497804247445952,0.00052535947656932,0.000601897956647171,0.000317904197328144,0.000620033024735432,0.000307203073272371,0.000548155608864009,0.0011340106652303,0.000647282149938943,0.000395081053585207,0.00198005322832297,0.000209719856152571,0.000408230961482833,2.96029633266506e-05,0.00039119772183042,0.00125530895663863,0.000612709126776995,0.00348510684127217,0.00345623059884744,0.00363472474927761,0.000161244232715063,0.000267766099565737,7.72601878706735e-05,0.00213875050113368,0.000469377990590566,0.000380358548970268,0.00512468965454841,0.00137454149291631,0.00738905149205756,0.00496456751087015,0.0114968155026691,0.000227373298317663,0.000507503875196665,0.000189640024886465,0.00014420426617408,0.0013867291005883,0.000171621296603167,0.000826654035141085,0.00127541867354903,0.000106069543617085,0.000585161156686314,2.96029633266506e-05
6.39570805046036e-05,0.000691117025005051,0.00180452757093691,0.000258251808840291,0.00062829253115146,0.00103183847711801,0.00039553996551509,0.00107451257067937,0.000152734916945954,0.000274995849815764,0.000612211858845528,0.00230512612785859,0.0010892970681227,0.000794140364521034,0.0004093980616387,0.000320073445146551,0.000212432282299685,0.00155731775611144,0.000462715154074706,2.96029633266506e-05,0.00286514587013457,0.00976957257003492,0.00131161342421027,0.00480350662168785,0.00476369988774546,0.00500974897462959,0.00243439643533917,0.000170470225107839,0.00152572062515557,0.00912285208905655,0.00920312378627539,0.000107399625584626,0.00147543592446385,0.00328920597905322,0.015119680684322,0.0295066032844979,0.0129682893057844,8.66915300148825e-05,0.00341947372162476,0.000858771315787171,6.62955504018457e-05,0.00407258029532593,0.000982837209551151,0.00210079780088379,0.00168757593761022,0.000103390741360848,0.00163744988442505,2.96029633266506e-05
0.000201566883098738,0.000188525869269486,0.000325375221885293,0.000143513534661072,0.000394489011137848,0.000991214881533208,0.000234754378136625,0.000283295566933418,0.000121021565018561,0.000294714946219986,0.000543439378189499,0.000467547719265291,0.000238860746116086,0.000282254712022852,0.000225850147147632,0.000197333006219719,0.000443709651079539,0.000261699313697252,0.000163804648888012,2.96029633266506e-05,0.000653164347585116,0.00192735110630316,0.000534622041100685,0.00112974658457692,0.00112039161594968,0.00117841982212033,0.000456424197642684,0.0250433575860772,0.00829661919841724,0.0022092445428106,0.00172369176525365,6.85079665199737e-05,0.000964692429394851,0.000822296041870504,0.00296639057754147,0.00365601014931654,0.00313022273949719,7.87965000359763e-05,0.00114845239422331,0.00173460575897792,3.35023820600676e-05,0.00088591800732573,0.000896903140752574,0.00174057620529381,0.000345429128155296,0.000635383458286637,0.000658790924396853,2.96029633266506e-05
0.000200072137208968,0.000225871769776402,0.000141766054871573,0.000648692086973158,0.000157994895790324,0.00022248820572563,0.0014362714810328,0.000116340552280083,0.000195701737018562,0.000110693297232356,0.00026995322927722,0.000387892835270362,0.000120284946845296,0.000196854554056659,0.000116947120525405,0.000128874667064156,0.000227229925709003,8.98256215725687e-05,0.000125568510852784,2.96029633266506e-05,0.000729356047453064,0.0003955145545578,0.000377757446443574,0.000356171683164634,0.00035319856670554,0.000371645033081964,0.00014895960245339,0.000343043460107798,0.00645526756224589,0.00032803048601388,0.000735409194496948,9.03913764302288e-05,0.000407754401274917,0.000293175817681577,0.00275402984386632,0.000832944391138114,0.00107142867855714,0.000129628369949592,0.000332338748571006,0.000202149949233776,3.14586541863276e-05,0.000193949936830145,0.000173339726113314,9.61972412015867e-05,0.000144987747407568,0.000125409101188285,0.000151852895696755,2.96029633266506e-05
7.77783919760272e-06,4.97755115024012e-05,5.32204087888047e-05,2.93503163778212e-05,5.19308120319987e-05,7.2256886114116e-05,7.41057062517869e-05,6.90980369108211e-05,9.73124581051806e-05,4.96778440969124e-05,6.14387753055145e-05,6.42830534416609e-05,5.53026372986514e-05,0.000142706062097189,6.46077732488291e-05,0.0001048455540521,0.000129410786032808,7.07302952582472e-05,4.02041716877482e-05,2.96029633266506e-05,4.7337390901819e-05,0.00014244714270151,0.000143925302948546,0.000191561555626005,0.000189972522543523,0.000199833214803634,2.16283419104731e-05,3.71719058290661e-05,3.04738668541053e-05,0.000133168232969536,7.45447818374188e-05,2.26865182395353e-05,0.000122392469568692,8.72226317228138e-05,0.000236053740596163,0.0004004171471887,0.000387315141316196,8.10560645871671e-06,0.000164773798851443,0.000117875181044081,9.5702061337731e-06,8.46396287342988e-05,3.72724506721355e-05,0.000104911522227263,6.91933275827565e-05,1.34755362268157e-05,5.76539656929749e-05,2.96029633266506e-05
1.31722608697123e-05,3.82744741229661e-05,7.01645840766654e-05,4.07420182182753e-05,3.3093695656448e-05,2.64961659310142e-05,1.32783428286586e-05,2.6519443560044e-05,6.3933947333509e-05,3.40141610106718e-05,3.70132010906867e-05,3.09806389840824e-05,4.23652378037076e-05,0.000168208432112939,7.00689823198657e-05,6.49855308739733e-05,7.06727317973806e-05,6.72262758464074e-05,7.9534509009382e-05,2.96029633266506e-05,2.4639697030034e-05,8.88696054278917e-05,7.35137278967437e-05,6.50168134256692e-05,6.4491983068188e-05,6.98385074874149e-05,2.53327427960081e-05,0.00010355004675359,4.81134064000803e-05,7.06320998268259e-05,7.19038641737645e-05,1.49297827872203e-05,4.81245253374766e-05,3.81845660939569e-05,0.000143466280237747,0.00026164989968333,0.000141293744305411,4.48719917778132e-06,6.44077015434663e-05,5.57361290944303e-05,5.58830598702315e-06,4.8452003048285e-05,3.14978565120098e-05,3.4013755165853e-05,4.41502432158183e-05,3.98079177559922e-05,2.86270756013319e-05,2.96029633266506e-05
2.37515161647432e-05,5.34088083168308e-05,5.63166399403269e-05,3.71909605650272e-05,3.96689371792467e-05,5.0304186653082e-05,3.0215558317937e-05,4.2484882405244e-05,3.37871541735741e-05,3.03899195295534e-05,8.13531908673146e-05,5.04720791478152e-05,4.42647613360813e-05,5.52803470547225e-05,3.52135224954665e-05,4.39445630355171e-05,6.8778018038283e-05,3.21141635536767e-05,3.89145746093362e-05,2.96029633266506e-05,3.96916108488305e-05,0.000180113395457302,8.46941081661416e-05,0.000142497846986661,0.000141311535904724,0.000149142562534739,0.000181333548418043,0.000131318428396654,5.23193896217975e-05,0.00017877899739039,0.000180198441098811,2.48935228107707e-05,0.000103203634697988,7.43688662614327e-05,0.000199377700748675,0.000322912696104464,0.000377326217710563,9.58626371699725e-06,0.000160429966681646,0.000136852562654723,1.33456639458284e-05,0.000114114432241197,9.74056822829646e-05,0.00013829377562081,0.000158405089539039,0.000110572959843062,7.56479855529629e-05,2.96029633266506e-05
1.7742280927658e-08,7.90137526552313e-08,6.93969239866975e-08,3.71887270868373e-08,6.40886550895135e-08,9.16750138076663e-08,4.30669720944201e-08,6.66115817770429e-08,9.223509299002e-08,5.3548407144565e-08,7.62348718287147e-08,5.9207322848128e-08,5.77190544836116e-08,1.06729030321979e-07,6.70006132235599e-08,6.39146293133604e-08,1.22320737801584e-07,4.45854708723371e-08,6.84103642196336e-08,2.96029633266506e-05,5.44505413039125e-08,1.57691095425843e-07,1.57182225043868e-07,1.56222106967366e-07,1.55586160885969e-07,1.6888343954019e-07,5.41146440526445e-08,3.2504207785044e-07,1.19915017396103e-07,1.94577983936726e-07,1.29528019716859e-07,3.16549586636529e-08,1.99048543035205e-07,1.16081619611581e-07,4.02680403531771e-07,6.15945508336487e-07,4.85104176795211e-07,1.21393112974958e-08,1.5169434825562e-07,1.687529022662e-07,2.54077324593199e-08,1.18961834118383e-07,7.72722724193518e-08,9.77118989217493e-08,1.16990865007783e-07,4.94531132300443e-08,7.48191457971499e-08,2.96029633266506e-05
